Name,ShopIconFileName,ShopIconExportName,ShopIconAnimScale,ShopIconClipped,UnlockLevel,TimeMin,TimeSec,Slots,Price,PriceIncrease,DoPriceIncreaseEveryNObject,MaxHabitatsColumnName,FileName,ExportName,ExportNameMastered,TileWidth,TileHeight,ExpToBuild,InstantComplete,TID,DescriptionTID,TapSound,TapProcessingSound,CollectSound,BuySound,RandomSounds,BuildingMasteryHours,BuildingMasteryBonusPercent,BuildingMasteryBonusType,BuildingMasteryStarDiamondPrice,BuildingMasteryWorkbenchMigrationLevel,BuildingMasteryEnabled,PendingRelease,SeasonalObject,Deprecated
String,String,String,int,boolean,int,int,int,int,int,int,int,String,String,String,String,int,int,int,int,String,String,String,String,String,String,String,int,int,String,int,int,Boolean,Boolean,Boolean,Boolean
Bakery,,,,,2,,1,2,20,,,,sc/buildings_new.sc,bakery_01,bakery_01_mastered,3,3,3,0,TID_BAKERY,TID_BAKERY_DESCRIPTION,BakeryTap,SelectBakeryInProgress,Collect,Buy,,35,10,Coin,520,1,TRUE,,,
,,,,,,,,,6,,,,,bakery_02,bakery_02_mastered,,,,,,,,,,,,175,10,Exp,1182,3,,,,
,,,,,,,,,9,,,,,,,,,,,,,,,,,,735,-15,SpeedUp,2562,4,,,,
,,,,,,,,,12,,,,,,,,,,,,,,,,,,,,,,,,,,
,,,,,,,,,15,,,,,,,,,,,,,,,,,,,,,,,,,,
,,,,,,,,,18,,,,,,,,,,,,,,,,,,,,,,,,,,
,,,,,,,,,21,,,,,,,,,,,,,,,,,,,,,,,,,,
,,,,,,,,,24,,,,,,,,,,,,,,,,,,,,,,,,,,
Hammermill,,,,,3,,1,3,5,3195,1,MaxHammermills,sc/buildings_new.sc,foodblender_01,foodblender_01_mastered,3,3,4,0,TID_FEED_MILL,TID_HAMMERMILL_DESCRIPTION,HammermillTap,HammerMillTapProcessing,Collect,Buy,,120,-5,SpeedUp,372,1,TRUE,,,
,,,,,,,,,6,,,,,,,,,,,,,,,,,,960,-10,SpeedUp,1370,2,,,,
,,,,,,,,,9,,,,,,,,,,,,,,,,,,6840,-15,SpeedUp,5000,3,,,,
,,,,,,,,,12,,,,,,,,,,,,,,,,,,,,,,,,,,
,,,,,,,,,15,,,,,,,,,,,,,,,,,,,,,,,,,,
,,,,,,,,,18,,,,,,,,,,,,,,,,,,,,,,,,,,
,,,,,,,,,21,,,,,,,,,,,,,,,,,,,,,,,,,,
,,,,,,,,,24,,,,,,,,,,,,,,,,,,,,,,,,,,
Popcorn_Pot,,,120,,8,0,,2,100,,,,sc/buildings_new.sc,popcorn_pot_01,popcorn_pot_01_mastered,3,3,14,0,TID_POPCORN_POT,TID_POPCORN_POT_DESCRIPTION,PopcornPotTap,PopcornPotTapProcessing,Collect,Buy,,50,10,Coin,590,1,TRUE,,,
,,,,,,,,,6,,,,,,,,,,,,,,,,,,200,10,Exp,1212,3,,,,
,,,,,,,,,9,,,,,,,,,,,,,,,,,,650,-15,SpeedUp,2373,4,,,,
,,,,,,,,,12,,,,,,,,,,,,,,,,,,,,,,,,,,
,,,,,,,,,15,,,,,,,,,,,,,,,,,,,,,,,,,,
,,,,,,,,,18,,,,,,,,,,,,,,,,,,,,,,,,,,
,,,,,,,,,21,,,,,,,,,,,,,,,,,,,,,,,,,,
,,,,,,,,,24,,,,,,,,,,,,,,,,,,,,,,,,,,
Dairy,,,115,,6,,1,2,50,,,,sc/buildings_new.sc,dairy_01,dairy_01_mastered,4,4,8,0,TID_DAIRY,TID_DAIRY_DESCRIPTION,DairyTap,DairyTapProcessing,Collect,Buy,,40,10,Coin,545,1,TRUE,,,
,,,,,,,,,6,,,,,dairy_02,dairy_02_mastered,,,,,,,,,,,,160,10,Exp,1122,3,,,,
,,,,,,,,,9,,,,,,,,,,,,,,,,,,520,-15,SpeedUp,2198,4,,,,
,,,,,,,,,12,,,,,,,,,,,,,,,,,,,,,,,,,,
,,,,,,,,,15,,,,,,,,,,,,,,,,,,,,,,,,,,
,,,,,,,,,18,,,,,,,,,,,,,,,,,,,,,,,,,,
,,,,,,,,,21,,,,,,,,,,,,,,,,,,,,,,,,,,
,,,135,,,,,,24,,,,,,,,,,,,,,,,,,,,,,,,,,
Sugar_Mill,,,,,7,0,,2,100,199650,1,MaxSugarMills,sc/buildings_new.sc,sugarmill_01,sugarmill_01_mastered,2,2,13,0,TID_SUGAR_MILL,TID_SUGAR_MILL_DESCRIPTION,SugarmillTap,SugarmillTapProcessing,Collect,Buy,,25,10,Coin,465,1,TRUE,,,
,,,,,,,,,6,,,,,sugarmill_02,sugarmill_02_mastered,,,,,,,,,,,,125,10,Exp,1050,3,,,,
,,,,,,,,,9,,,,,,,,,,,,,,,,,,525,-15,SpeedUp,2282,4,,,,
,,,,,,,,,12,,,,,,,,,,,,,,,,,,,,,,,,,,
,,,,,,,,,15,,,,,,,,,,,,,,,,,,,,,,,,,,
,,,,,,,,,18,,,,,,,,,,,,,,,,,,,,,,,,,,
,,,,,,,,,21,,,,,,,,,,,,,,,,,,,,,,,,,,
,,,,,,,,,24,,,,,,,,,,,,,,,,,,,,,,,,,,
Pie_Oven,,,,,14,0,,2,1000,,,,sc/buildings_new.sc,pie_oven_01,pie_oven_01_mastered,3,3,17,0,TID_PIE_OVEN,TID_PIE_OVEN_DESCRIPTION,SelectPieOwenIdle,SelecPieOwenProcess,Collect,Buy,,40,10,Coin,545,1,TRUE,,,
,,,,,,,,,6,,,,,,,,,,,,,,,,,,200,10,Exp,1242,3,,,,
,,,,,,,,,9,,,,,,,,,,,,,,,,,,840,-15,SpeedUp,2688,4,,,,
,,,,,,,,,12,,,,,,,,,,,,,,,,,,,,,,,,,,
,,,,,,,,,15,,,,,,,,,,,,,,,,,,,,,,,,,,
,,,,,,,,,18,,,,,,,,,,,,,,,,,,,,,,,,,,
,,,,,,,,,21,,,,,,,,,,,,,,,,,,,,,,,,,,
,,,,,,,,,24,,,,,,,,,,,,,,,,,,,,,,,,,,
Loom,,,120,,17,0,,2,3200,,,,sc/buildings_new.sc,loom_01,loom_01_mastered,2,2,24,0,TID_LOOM,TID_LOOM_DESCRIPTION,LoomTap,LoomTapProcessing,Collect,Buy,,36,10,Coin,525,1,TRUE,,,
,,,,,,,,,6,,,,,,,,,,,,,,,,,,216,10,Exp,1290,3,,,,
,,,,,,,,,9,,,,,,,,,,,,,,,,,,1116,-15,SpeedUp,3031,4,,,,
,,,,,,,,,12,,,,,,,,,,,,,,,,,,,,,,,,,,
,,,,,,,,,15,,,,,,,,,,,,,,,,,,,,,,,,,,
,,,,,,,,,18,,,,,,,,,,,,,,,,,,,,,,,,,,
,,,,,,,,,21,,,,,,,,,,,,,,,,,,,,,,,,,,
,,,,,,,,,24,,,,,,,,,,,,,,,,,,,,,,,,,,
Cake_Oven,,,120,,21,0,,2,12100,,,,sc/buildings_new.sc,cakery_01,cakery_01_mastered,3,3,24,0,TID_CAKE_OVEN,TID_CAKE_OVEN_DESCRIPTION,SelectCakeOwenIdle,SelectCakeOwenProcess,Collect,Buy,,65,10,Coin,645,1,TRUE,,,
,,,,,,,,,6,,,,,,,,,,,,,,,,,,325,10,Exp,1470,3,,,,
,,,,,,,,,9,,,,,,,,,,,,,,,,,,1365,-15,SpeedUp,3185,4,,,,
,,,,,,,,,12,,,,,,,,,,,,,,,,,,,,,,,,,,
,,,,,,,,,15,,,,,,,,,,,,,,,,,,,,,,,,,,
,,,,,,,,,18,,,,,,,,,,,,,,,,,,,,,,,,,,
,,,,,,,,,21,,,,,,,,,,,,,,,,,,,,,,,,,,
,,,,,,,,,24,,,,,,,,,,,,,,,,,,,,,,,,,,
Barbecue_Grill,,,125,,9,0,,2,500,,,,sc/buildings_new.sc,grill_01,grill_01_mastered,2,2,14,0,TID_BARBECUE_GRILL,TID_BARBECUE_GRILL_DESCRIPTION,BarbecueTapProcessing,BarbecueTapProcessing,Collect,Buy,,30,10,Coin,495,1,TRUE,,,
,,,,,,,,,6,,,,,,,,,,,,,,,,,,150,10,Exp,1122,3,,,,
,,,,,,,,,9,,,,,,,,,,,,,,,,,,630,-15,SpeedUp,2429,4,,,,
,,,,,,,,,12,,,,,,,,,,,,,,,,,,,,,,,,,,
,,,,,,,,,15,,,,,,,,,,,,,,,,,,,,,,,,,,
,,,,,,,,,18,,,,,,,,,,,,,,,,,,,,,,,,,,
,,,,,,,,,21,,,,,,,,,,,,,,,,,,,,,,,,,,
,,,,,,,,,24,,,,,,,,,,,,,,,,,,,,,,,,,,
Juice_Press,,,,,26,0,,2,31000,,,,sc/buildings_new.sc,juicepress_01,juicepress_01_mastered,2,2,27,0,TID_JUICE_PRESS,TID_JUICE_PRESS_DESCRIPTION,JuicePressIdle,JuicePressProcessing,Collect,Buy,,50,10,Coin,590,1,TRUE,,,
,,,,,,,,,6,,,,,,,,,,,,,,,,,,300,10,Exp,1452,3,,,,
,,,,,,,,,9,,,,,,,,,,,,,,,,,,1550,-15,SpeedUp,3395,4,,,,
,,,,,,,,,12,,,,,,,,,,,,,,,,,,,,,,,,,,
,,,,,,,,,15,,,,,,,,,,,,,,,,,,,,,,,,,,
,,,,,,,,,18,,,,,,,,,,,,,,,,,,,,,,,,,,
,,,,,,,,,21,,,,,,,,,,,,,,,,,,,,,,,,,,
,,,,,,,,,24,,,,,,,,,,,,,,,,,,,,,,,,,,
Jam_Maker,,,,,35,0,,2,59000,,,,sc/buildings_new.sc,jamcooker_01,jamcooker_01_mastered,2,2,28,0,TID_JAM_MAKER,TID_JAM_MAKER_DESCRIPTION,JuicePressIdle,JamMakerProcessing,Collect,Buy,,90,10,Coin,725,1,TRUE,,,
,,,,,,,,,6,,,,,,,,,,,,,,,,,,450,10,Exp,1650,3,,,,
,,,,,,,,,9,,,,,,,,,,,,,,,,,,1890,-15,SpeedUp,3570,4,,,,
,,,,,,,,,12,,,,,,,,,,,,,,,,,,,,,,,,,,
,,,,,,,,,15,,,,,,,,,,,,,,,,,,,,,,,,,,
,,,,,,,,,18,,,,,,,,,,,,,,,,,,,,,,,,,,
,,,,,,,,,21,,,,,,,,,,,,,,,,,,,,,,,,,,
,,,,,,,,,24,,,,,,,,,,,,,,,,,,,,,,,,,,
Smelter,,,115,,24,0,,1,12500,9500,1,MaxSmelters,sc/buildings_new.sc,smelter_01,smelter_01_mastered,2,2,21,0,TID_SMELTER,TID_SMELTER_DESCRIPTION,BakeryTap,DairyTap,Collect,Buy,,390,10,Coin,1210,1,TRUE,,,
,,,,,,,,,6,,,,,,,,,,,,,,,,,,1930,10,Exp,2742,2,,,,
,,,,,,,,,9,,,,,,,,,,,,,,,,,,8110,-15,SpeedUp,5943,3,,,,
,,,,,,,,,12,,,,,,,,,,,,,,,,,,,,,,,,,,
,,,,,,,,,15,,,,,,,,,,,,,,,,,,,,,,,,,,
,,,,,,,,,18,,,,,,,,,,,,,,,,,,,,,,,,,,
,,,,,,,,,21,,,,,,,,,,,,,,,,,,,,,,,,,,
,,,,,,,,,24,,,,,,,,,,,,,,,,,,,,,,,,,,
,,,,,,,,,27,,,,,,,,,,,,,,,,,,,,,,,,,,
Ice_Cream_Maker,,,120,,29,0,,2,38000,,,,sc/buildings_new.sc,ice_cream_maker01,ice_cream_maker01_mastered,2,3,27,0,TID_ICE_CREAM_MAKER,TID_ICE_CREAM_MAKER_DESCRIPTION,JuicePressIdle,JamMakerProcessing,Collect,Buy,,60,10,Coin,630,1,TRUE,,,
,,,,,,,,,6,,,,,,,,,,,,,,,,,,300,5,Exp,1428,3,,,,
,,,,,,,,,9,,,,,,,,,,,,,,,,,,660,-15,SpeedUp,2198,4,,,,
,,,,,,,,,12,,,,,,,,,,,,,,,,,,,,,,,,,,
,,,,,,,,,15,,,,,,,,,,,,,,,,,,,,,,,,,,
,,,,,,,,,18,,,,,,,,,,,,,,,,,,,,,,,,,,
,,,,,,,,,21,,,,,,,,,,,,,,,,,,,,,,,,,,
,,,,,,,,,24,,,,,,,,,,,,,,,,,,,,,,,,,,
Jeweler,,,110,,38,0,,2,68000,,,,sc/buildings_new.sc,jewelry_01,jewelry_01_mastered,2,2,28,0,TID_JEWELER,TID_JEWELER_DESCRIPTION,JuicePressIdle,DairyTap,Collect,Buy,,70,10,Coin,665,1,TRUE,,,
,,,,,,,,,6,,,,,,,,,,,,,,,,,,350,5,Exp,1512,3,,,,
,,,,,,,,,9,,,,,,,,,,,,,,,,,,1470,-15,SpeedUp,3269,4,,,,
,,,,,,,,,12,,,,,,,,,,,,,,,,,,,,,,,,,,
,,,,,,,,,15,,,,,,,,,,,,,,,,,,,,,,,,,,
,,,,,,,,,18,,,,,,,,,,,,,,,,,,,,,,,,,,
,,,,,,,,,21,,,,,,,,,,,,,,,,,,,,,,,,,,
,,,,,,,,,24,,,,,,,,,,,,,,,,,,,,,,,,,,
Cafe_Kiosk,,,110,,42,0,,2,75000,,,,sc/buildings_new.sc,coffee_kiosk01,coffee_kiosk01_mastered,2,2,28,0,TID_CAFE,TID_CAFE_DESCRIPTION,JuicePressIdle,DairyTap,Collect,Buy,,70,10,Coin,665,1,TRUE,,,
,,,,,,,,,6,,,,,,,,,,,,,,,,,,310,5,Exp,1428,3,,,,
,,,,,,,,,9,,,,,,,,,,,,,,,,,,1270,-15,SpeedUp,3094,4,,,,
,,,,,,,,,12,,,,,,,,,,,,,,,,,,,,,,,,,,
,,,,,,,,,15,,,,,,,,,,,,,,,,,,,,,,,,,,
,,,,,,,,,18,,,,,,,,,,,,,,,,,,,,,,,,,,
,,,,,,,,,21,,,,,,,,,,,,,,,,,,,,,,,,,,
,,,,,,,,,24,,,,,,,,,,,,,,,,,,,,,,,,,,
Candy_Machine,,,120,,51,0,,2,120000,,,,sc/buildings_new.sc,candy_maker_01,candy_maker_01_mastered,2,2,27,0,TID_CANDY_MACHINE,TID_CANDY_MACHINE_DESCRIPTION,JuicePressIdle,DairyTap,Collect,Buy,,72,10,Coin,670,,TRUE,,,
,,,,,,,,,6,,,,,,,,,,,,,,,,,,360,5,Exp,1524,,,,,
,,,,,,,,,9,,,,,,,,,,,,,,,,,,1512,-15,SpeedUp,3304,,,,,
,,,,,,,,,12,,,,,,,,,,,,,,,,,,,,,,,,,,
,,,,,,,,,15,,,,,,,,,,,,,,,,,,,,,,,,,,
,,,,,,,,,18,,,,,,,,,,,,,,,,,,,,,,,,,,
,,,,,,,,,21,,,,,,,,,,,,,,,,,,,,,,,,,,
,,,,,,,,,24,,,,,,,,,,,,,,,,,,,,,,,,,,
Soup_Kitchen,,,130,,46,0,,2,115000,,,,sc/buildings_new.sc,soup_kitchen_01,soup_kitchen_01_mastered,2,2,28,0,TID_SOUP_KITCHEN,TID_SOUP_KITCHEN_DESCRIPTION,SoupKitchenTap,SoupKitchenProcessing,Collect,Buy,,72,10,Coin,670,,TRUE,,,
,,,,,,,,,6,,,,,,,,,,,,,,,,,,360,5,Exp,1524,,,,,
,,,,,,,,,9,,,,,,,,,,,,,,,,,,1512,-15,SpeedUp,3304,,,,,
,,,,,,,,,12,,,,,,,,,,,,,,,,,,,,,,,,,,
,,,,,,,,,15,,,,,,,,,,,,,,,,,,,,,,,,,,
,,,,,,,,,18,,,,,,,,,,,,,,,,,,,,,,,,,,
,,,,,,,,,21,,,,,,,,,,,,,,,,,,,,,,,,,,
,,,,,,,,,24,,,,,,,,,,,,,,,,,,,,,,,,,,
Sauce_Mixer,,,120,,54,0,,2,135000,,,,sc/buildings_new.sc,saucemixer,saucemixer_mastered,3,3,30,0,TID_SAUCEMIXER,TID_SAUCEMIXER_DESCRIPTION,SauceMachineTap,SauceMachineTapProcessing,Collect,Buy,,72,10,Coin,670,,TRUE,,,
,,,,,,,,,6,,,,,,,,,,,,,,,,,,360,5,Exp,1524,,,,,
,,,,,,,,,9,,,,,,,,,,,,,,,,,,1512,-15,SpeedUp,3304,,,,,
,,,,,,,,,12,,,,,,,,,,,,,,,,,,,,,,,,,,
,,,,,,,,,15,,,,,,,,,,,,,,,,,,,,,,,,,,
,,,,,,,,,18,,,,,,,,,,,,,,,,,,,,,,,,,,
,,,,,,,,,21,,,,,,,,,,,,,,,,,,,,,,,,,,
,,,,,,,,,24,,,,,,,,,,,,,,,,,,,,,,,,,,
Sushi_Bar,,,110,,56,0,,2,150000,,,,sc/buildings_new.sc,sushi_bar,sushi_bar_mastered,2,2,31,0,TID_SUSHIBAR,TID_SUSHIBAR_DESCRIPTION,SushiBarTap,SushiBarTapProcessing,Collect,Buy,,72,10,Coin,670,,TRUE,,,
,,,,,,,,,6,,,,,,,,,,,,,,,,,,360,5,Exp,1524,,,,,
,,,,,,,,,9,,,,,,,,,,,,,,,,,,1512,-15,SpeedUp,3304,,,,,
,,,,,,,,,12,,,,,,,,,,,,,,,,,,,,,,,,,,
,,,,,,,,,15,,,,,,,,,,,,,,,,,,,,,,,,,,
,,,,,,,,,18,,,,,,,,,,,,,,,,,,,,,,,,,,
,,,,,,,,,21,,,,,,,,,,,,,,,,,,,,,,,,,,
,,,,,,,,,24,,,,,,,,,,,,,,,,,,,,,,,,,,
Salad_Bar,,,,,58,0,,2,165000,,,,sc/buildings_new.sc,salad_bar,salad_bar_mastered,3,3,32,0,TID_SALADBAR,TID_SALADBAR_DESCRIPTION,SaladBarTap,SaladBarTapProcessing,Collect,Buy,,72,10,Coin,670,,TRUE,,,
,,,,,,,,,6,,,,,,,,,,,,,,,,,,360,5,Exp,1524,,,,,
,,,,,,,,,9,,,,,,,,,,,,,,,,,,1512,-15,SpeedUp,3304,,,,,
,,,,,,,,,12,,,,,,,,,,,,,,,,,,,,,,,,,,
,,,,,,,,,15,,,,,,,,,,,,,,,,,,,,,,,,,,
,,,,,,,,,18,,,,,,,,,,,,,,,,,,,,,,,,,,
,,,,,,,,,21,,,,,,,,,,,,,,,,,,,,,,,,,,
,,,,,,,,,24,,,,,,,,,,,,,,,,,,,,,,,,,,
Sandwich_Bar,,,,,61,0,,2,180000,,,,sc/buildings_new.sc,sandwich_bar,sandwich_bar_mastery,3,3,34,0,TID_SANDWICHBAR,TID_SANDWICHBAR_DESCRIPTION,SandwichBarTap,SandwichBarTapProcessing,Collect,Buy,,72,10,Coin,670,,TRUE,,,
,,,,,,,,,6,,,,,,,,,,,,,,,,,,360,5,Exp,1524,,,,,
,,,,,,,,,9,,,,,,,,,,,,,,,,,,1512,-15,SpeedUp,3304,,,,,
,,,,,,,,,12,,,,,,,,,,,,,,,,,,,,,,,,,,
,,,,,,,,,15,,,,,,,,,,,,,,,,,,,,,,,,,,
,,,,,,,,,18,,,,,,,,,,,,,,,,,,,,,,,,,,
,,,,,,,,,21,,,,,,,,,,,,,,,,,,,,,,,,,,
,,,,,,,,,24,,,,,,,,,,,,,,,,,,,,,,,,,,
Smoothie_Mixer,,,125,,64,0,,2,220000,,,,sc/buildings_new.sc,smoothie_mixer,smoothie_mixer_mastery,2,2,39,0,TID_SMOOTHIEMIXER,TID_SMOOTHIEMIXER_DESCRIPTION,SmoothieMixerTap,SmoothieMixerTapProcessing,Collect,Buy,,72,10,Coin,670,,TRUE,,,
,,,,,,,,,6,,,,,,,,,,,,,,,,,,360,5,Exp,1524,,,,,
,,,,,,,,,9,,,,,,,,,,,,,,,,,,1512,-15,SpeedUp,3304,,,,,
,,,,,,,,,12,,,,,,,,,,,,,,,,,,,,,,,,,,
,,,,,,,,,15,,,,,,,,,,,,,,,,,,,,,,,,,,
,,,,,,,,,18,,,,,,,,,,,,,,,,,,,,,,,,,,
,,,,,,,,,21,,,,,,,,,,,,,,,,,,,,,,,,,,
,,,,,,,,,24,,,,,,,,,,,,,,,,,,,,,,,,,,
Sewing_Machine,,,110,,19,0,,2,4500,,,,sc/buildings_new.sc,sowing_machine,sowing_machine_mastered,2,2,24,0,TID_SEWINGMACHINE,TID_SEWINGMACHINE_DESCRIPTION,SewingMachineTap,SewingMachineTapProcessing,Collect,Buy,,72,10,Coin,670,1,TRUE,,,
,,,,,,,,,6,,,,,,,,,,,,,,,,,,360,5,Exp,1524,3,,,,
,,,,,,,,,9,,,,,,,,,,,,,,,,,,1512,-15,SpeedUp,3304,4,,,,
,,,,,,,,,12,,,,,,,,,,,,,,,,,,,,,,,,,,
,,,,,,,,,15,,,,,,,,,,,,,,,,,,,,,,,,,,
,,,,,,,,,18,,,,,,,,,,,,,,,,,,,,,,,,,,
,,,,,,,,,21,,,,,,,,,,,,,,,,,,,,,,,,,,
,,,,,,,,,24,,,,,,,,,,,,,,,,,,,,,,,,,,
Honey_Extractor,,,120,,39,0,,2,35000,,,,sc/buildings_new.sc,honey_extractor,honey_extractor_mastered,2,2,24,0,TID_HONEYEXTRACTOR,TID_HONEYEXTRACTOR_DESCRIPTION,SauceMachineTap,SauceMachineTapProcessing,Collect,Buy,,50,10,Coin,590,1,TRUE,,,
,,,,,,,,,6,,,,,,,,,,,,,,,,,,200,5,Exp,1212,2,,,,
,,,,,,,,,9,,,,,,,,,,,,,,,,,,650,-15,SpeedUp,2373,3,,,,
,,,,,,,,,12,,,,,,,,,,,,,,,,,,,,,,,,,,
,,,,,,,,,15,,,,,,,,,,,,,,,,,,,,,,,,,,
,,,,,,,,,18,,,,,,,,,,,,,,,,,,,,,,,,,,
,,,,,,,,,21,,,,,,,,,,,,,,,,,,,,,,,,,,
,,,,,,,,,24,,,,,,,,,,,,,,,,,,,,,,,,,,
Candle_Maker,,,130,,48,0,,2,118000,,,,sc/buildings_new.sc,candle_maker,candle_maker_mastered,2,2,24,0,TID_CANDLEMAKER,TID_CANDLEMAKER_DESCRIPTION,SauceMachineTap,SauceMachineTapProcessing,Collect,Buy,,72,10,Coin,670,,TRUE,,,
,,,,,,,,,6,,,,,,,,,,,,,,,,,,360,5,Exp,1524,,,,,
,,,,,,,,,9,,,,,,,,,,,,,,,,,,1512,-15,SpeedUp,3304,,,,,
,,,,,,,,,12,,,,,,,,,,,,,,,,,,,,,,,,,,
,,,,,,,,,15,,,,,,,,,,,,,,,,,,,,,,,,,,
,,,,,,,,,18,,,,,,,,,,,,,,,,,,,,,,,,,,
,,,,,,,,,21,,,,,,,,,,,,,,,,,,,,,,,,,,
,,,,,,,,,24,,,,,,,,,,,,,,,,,,,,,,,,,,
Hat_Maker,,,105,,70,0,,2,260000,,,,sc/buildings_new.sc,hat_maker,hat_maker_mastery,2,2,40,0,TID_HATMAKER,TID_HATMAKER_DESCRIPTION,SewingMachineTap,SewingMachineTapProcessing,Collect,Buy,,72,10,Coin,670,,TRUE,,,
,,,,,,,,,6,,,,,,,,,,,,,,,,,,360,5,Exp,1524,,,,,
,,,,,,,,,9,,,,,,,,,,,,,,,,,,1512,-15,SpeedUp,3304,,,,,
,,,,,,,,,12,,,,,,,,,,,,,,,,,,,,,,,,,,
,,,,,,,,,15,,,,,,,,,,,,,,,,,,,,,,,,,,
,,,,,,,,,18,,,,,,,,,,,,,,,,,,,,,,,,,,
,,,,,,,,,21,,,,,,,,,,,,,,,,,,,,,,,,,,
,,,,,,,,,24,,,,,,,,,,,,,,,,,,,,,,,,,,
Pasta_Maker,,,130,,67,0,,2,400000,,,,sc/buildings_new.sc,pasta_maker,pasta_maker_mastered,2,2,43,0,TID_PASTA_MAKER,TID_PASTA_MAKER_DESCRIPTION,SaladBarTap,SaladBarTapProcessing,Collect,Buy,,72,10,Coin,670,,TRUE,,,
,,,,,,,,,6,,,,,,,,,,,,,,,,,,360,5,Exp,1524,,,,,
,,,,,,,,,9,,,,,,,,,,,,,,,,,,1512,-15,SpeedUp,3304,,,,,
,,,,,,,,,12,,,,,,,,,,,,,,,,,,,,,,,,,,
,,,,,,,,,15,,,,,,,,,,,,,,,,,,,,,,,,,,
,,,,,,,,,18,,,,,,,,,,,,,,,,,,,,,,,,,,
,,,,,,,,,21,,,,,,,,,,,,,,,,,,,,,,,,,,
,,,,,,,,,24,,,,,,,,,,,,,,,,,,,,,,,,,,
Hotdog_Stand,,,105,,75,0,,2,650000,,,,sc/buildings_new.sc,hotdog_stand,hotdog_stand_mastered,2,2,41,0,TID_HOTDOG_STAND,TID_HOTDOG_STAND_DESCRIPTION,BarbecueTapProcessing,BarbecueTapProcessing,Collect,Buy,,72,10,Coin,670,,TRUE,,,
,,,,,,,,,6,,,,,,,,,,,,,,,,,,360,5,Exp,1524,,,,,
,,,,,,,,,9,,,,,,,,,,,,,,,,,,1512,-15,SpeedUp,3304,,,,,
,,,,,,,,,12,,,,,,,,,,,,,,,,,,,,,,,,,,
,,,,,,,,,15,,,,,,,,,,,,,,,,,,,,,,,,,,
,,,,,,,,,18,,,,,,,,,,,,,,,,,,,,,,,,,,
,,,,,,,,,21,,,,,,,,,,,,,,,,,,,,,,,,,,
,,,,,,,,,24,,,,,,,,,,,,,,,,,,,,,,,,,,
Pasta_Kitchen,,,,,72,0,,2,550000,,,,sc/buildings_new.sc,pasta_kitchen,pasta_kitchen_mastered,2,2,42,0,TID_PASTA_KITCHEN,TID_PASTA_KITCHEN_DESCRIPTION,SoupKitchenTap,SoupKitchenProcessing,Collect,Buy,,72,10,Coin,670,,TRUE,,,
,,,,,,,,,6,,,,,,,,,,,,,,,,,,360,5,Exp,1524,,,,,
,,,,,,,,,9,,,,,,,,,,,,,,,,,,1512,-15,SpeedUp,3304,,,,,
,,,,,,,,,12,,,,,,,,,,,,,,,,,,,,,,,,,,
,,,,,,,,,15,,,,,,,,,,,,,,,,,,,,,,,,,,
,,,,,,,,,18,,,,,,,,,,,,,,,,,,,,,,,,,,
,,,,,,,,,21,,,,,,,,,,,,,,,,,,,,,,,,,,
,,,,,,,,,24,,,,,,,,,,,,,,,,,,,,,,,,,,
Taco_Kitchen,,,115,,77,0,,2,700000,,,,sc/buildings_new.sc,mexican_kitchen,mexican_kitchen_mastered,2,2,43,0,TID_TACOKITCHEN,TID_TACO_KITCHEN_DESCRIPTION,TacoKitchenTap,TacoKitchenProcessing,Collect,Buy,,72,10,Coin,670,,TRUE,,,
,,,,,,,,,6,,,,,,,,,,,,,,,,,,360,5,Exp,1524,,,,,
,,,,,,,,,9,,,,,,,,,,,,,,,,,,1512,-15,SpeedUp,3304,,,,,
,,,,,,,,,12,,,,,,,,,,,,,,,,,,,,,,,,,,
,,,,,,,,,15,,,,,,,,,,,,,,,,,,,,,,,,,,
,,,,,,,,,18,,,,,,,,,,,,,,,,,,,,,,,,,,
,,,,,,,,,21,,,,,,,,,,,,,,,,,,,,,,,,,,
,,,,,,,,,24,,,,,,,,,,,,,,,,,,,,,,,,,,
Tea_Stand,,,115,,80,0,,2,750000,,,,sc/buildings_new.sc,tea_stand,tea_stand_mastered,2,2,44,0,TID_TEASTAND,TID_TEA_STAND_DESCRIPTION,TeaStandTap,TeaStandProcessing,Collect,Buy,,72,10,Coin,670,,TRUE,,,
,,,,,,,,,6,,,,,,,,,,,,,,,,,,360,5,Exp,1524,,,,,
,,,,,,,,,9,,,,,,,,,,,,,,,,,,1512,-15,SpeedUp,3304,,,,,
,,,,,,,,,12,,,,,,,,,,,,,,,,,,,,,,,,,,
,,,,,,,,,15,,,,,,,,,,,,,,,,,,,,,,,,,,
,,,,,,,,,18,,,,,,,,,,,,,,,,,,,,,,,,,,
,,,,,,,,,21,,,,,,,,,,,,,,,,,,,,,,,,,,
,,,,,,,,,24,,,,,,,,,,,,,,,,,,,,,,,,,,
Flowershop,,,,,49,0,,2,120000,,,,sc/buildings_new.sc,flowershop,flowershop_mastery,2,2,30,0,TID_FLOWERSHOP,TID_FLOWERSHOP_DESCRIPTION,FlowerShopTap,FlowerShopProcessing,Collect,Buy,,72,10,Coin,670,,TRUE,,,
,,,,,,,,,6,,,,,,,,,,,,,,,,,,360,5,Exp,1524,,,,,
,,,,,,,,,9,,,,,,,,,,,,,,,,,,1512,-15,SpeedUp,3304,,,,,
,,,,,,,,,12,,,,,,,,,,,,,,,,,,,,,,,,,,
,,,,,,,,,15,,,,,,,,,,,,,,,,,,,,,,,,,,
,,,,,,,,,18,,,,,,,,,,,,,,,,,,,,,,,,,,
,,,,,,,,,21,,,,,,,,,,,,,,,,,,,,,,,,,,
,,,,,,,,,24,,,,,,,,,,,,,,,,,,,,,,,,,,
Wok_Kitchen,,,105,,69,0,,2,350000,,,,sc/buildings_new.sc,wok_kitchen,wok_kitchen_mastered,2,2,41,0,TID_WOKKITCHEN,TID_WOK_KITCHEN_DESCRIPTION,SoupKitchenTap,BarbecueTapProcessing,Collect,Buy,,140,10,Coin,670,,TRUE,,,
,,,,,,,,,6,,,,,,,,,,,,,,,,,,560,5,Exp,1524,,,,,
,,,,,,,,,9,,,,,,,,,,,,,,,,,,2230,-15,SpeedUp,3304,,,,,
,,,,,,,,,12,,,,,,,,,,,,,,,,,,,,,,,,,,
,,,,,,,,,15,,,,,,,,,,,,,,,,,,,,,,,,,,
,,,,,,,,,18,,,,,,,,,,,,,,,,,,,,,,,,,,
,,,,,,,,,21,,,,,,,,,,,,,,,,,,,,,,,,,,
,,,,,,,,,24,,,,,,,,,,,,,,,,,,,,,,,,,,
Fondue_Maker,,,115,,81,0,,2,800000,,,,sc/buildings_new.sc,fondue_maker,fondue_maker_mastered,2,2,44,0,TID_FONDUEMAKER,TID_FONDUE_MAKER_DESCRIPTION,SoupKitchenTap,SauceMachineTapProcessing,Collect,Buy,,90,10,Coin,670,,TRUE,,,
,,,,,,,,,6,,,,,,,,,,,,,,,,,,340,5,Exp,1524,,,,,
,,,,,,,,,9,,,,,,,,,,,,,,,,,,1360,-15,SpeedUp,3304,,,,,
,,,,,,,,,12,,,,,,,,,,,,,,,,,,,,,,,,,,
,,,,,,,,,15,,,,,,,,,,,,,,,,,,,,,,,,,,
,,,,,,,,,18,,,,,,,,,,,,,,,,,,,,,,,,,,
,,,,,,,,,21,,,,,,,,,,,,,,,,,,,,,,,,,,
,,,,,,,,,24,,,,,,,,,,,,,,,,,,,,,,,,,,
Deep_Fryer,,,105,,87,0,,2,900000,,,,sc/buildings_new.sc,deep_fryer,deep_fryer_mastered,2,2,44,0,TID_DEEP_FRYER,TID_DEEP_FRYER_DESCRIPTION,SoupKitchenTap,SauceMachineTapProcessing,Collect,Buy,,90,10,Coin,670,,TRUE,,,
,,,,,,,,,6,,,,,,,,,,,,,,,,,,360,5,Exp,1524,,,,,
,,,,,,,,,9,,,,,,,,,,,,,,,,,,1440,-15,SpeedUp,3304,,,,,
,,,,,,,,,12,,,,,,,,,,,,,,,,,,,,,,,,,,
,,,,,,,,,15,,,,,,,,,,,,,,,,,,,,,,,,,,
,,,,,,,,,18,,,,,,,,,,,,,,,,,,,,,,,,,,
,,,,,,,,,21,,,,,,,,,,,,,,,,,,,,,,,,,,
,,,,,,,,,24,,,,,,,,,,,,,,,,,,,,,,,,,,
Bath_Kiosk,,,110,,84,0,,2,850000,,,,sc/buildings_new.sc,bath_kiosk,bath_kiosk_mastered,2,2,44,0,TID_BATHKIOSK,TID_BATHKIOSK_DESCRIPTION,BathKioskTap,BathKioskTapProcessing,Collect,Buy,,140,10,Coin,670,,TRUE,,,
,,,,,,,,,6,,,,,,,,,,,,,,,,,,550,5,Exp,1524,,,,,
,,,,,,,,,9,,,,,,,,,,,,,,,,,,2180,-15,SpeedUp,3304,,,,,
,,,,,,,,,12,,,,,,,,,,,,,,,,,,,,,,,,,,
,,,,,,,,,15,,,,,,,,,,,,,,,,,,,,,,,,,,
,,,,,,,,,18,,,,,,,,,,,,,,,,,,,,,,,,,,
,,,,,,,,,21,,,,,,,,,,,,,,,,,,,,,,,,,,
,,,,,,,,,24,,,,,,,,,,,,,,,,,,,,,,,,,,
Donut_Maker,,,,,76,0,,2,680000,,,,sc/buildings_new.sc,donut_maker,donut_maker_mastered,2,2,43,0,TID_DONUTMAKER,TID_DONUTMAKER_DESCRIPTION,DonutMakerTap,DonutMakerProcessing,Collect,Buy,,140,10,Coin,670,,TRUE,,,
,,,,,,,,,6,,,,,,,,,,,,,,,,,,550,5,Exp,1524,,,,,
,,,,,,,,,9,,,,,,,,,,,,,,,,,,2180,-15,SpeedUp,3304,,,,,
,,,,,,,,,12,,,,,,,,,,,,,,,,,,,,,,,,,,
,,,,,,,,,15,,,,,,,,,,,,,,,,,,,,,,,,,,
,,,,,,,,,18,,,,,,,,,,,,,,,,,,,,,,,,,,
,,,,,,,,,21,,,,,,,,,,,,,,,,,,,,,,,,,,
,,,,,,,,,24,,,,,,,,,,,,,,,,,,,,,,,,,,
Preservation_Station,,,120,,91,0,,2,950000,,,,sc/buildings_new.sc,preservation_station,preservation_station_mastered,2,2,44,0,TID_PRESERVATION_STATION,TID_PRESERVATION_STATION_DESCRIPTION,DonutMakerTap,DonutMakerProcessing,Collect,Buy,,140,10,Coin,670,,TRUE,,,
,,,,,,,,,6,,,,,,,,,,,,,,,,,,550,5,Exp,1524,,,,,
,,,,,,,,,9,,,,,,,,,,,,,,,,,,2180,-15,SpeedUp,3304,,,,,
,,,,,,,,,12,,,,,,,,,,,,,,,,,,,,,,,,,,
,,,,,,,,,15,,,,,,,,,,,,,,,,,,,,,,,,,,
,,,,,,,,,18,,,,,,,,,,,,,,,,,,,,,,,,,,
,,,,,,,,,21,,,,,,,,,,,,,,,,,,,,,,,,,,
,,,,,,,,,24,,,,,,,,,,,,,,,,,,,,,,,,,,
Pottery_Studio,,,105,,94,0,,2,1000000,,,,sc/buildings_new.sc,pottery_studio,pottery_studio_mastery,2,2,44,0,TID_POTTERY_STUDIO,TID_POTTERY_STUDIO_DESCRIPTION,PotteryIdle,PotteryProcessing,Collect,Buy,,140,10,Coin,670,,TRUE,,,
,,,,,,,,,6,,,,,,,,,,,,,,,,,,550,5,Exp,1524,,,,,
,,,,,,,,,9,,,,,,,,,,,,,,,,,,2180,-15,SpeedUp,3304,,,,,
,,,,,,,,,12,,,,,,,,,,,,,,,,,,,,,,,,,,
,,,,,,,,,15,,,,,,,,,,,,,,,,,,,,,,,,,,
,,,,,,,,,18,,,,,,,,,,,,,,,,,,,,,,,,,,
,,,,,,,,,21,,,,,,,,,,,,,,,,,,,,,,,,,,
,,,,,,,,,24,,,,,,,,,,,,,,,,,,,,,,,,,,
Fudge_Shop,,,105,,99,0,,2,1050000,,,,sc/buildings_new.sc,fudge_shop,fudge_shop_mastered,2,2,44,0,TID_FUDGE_SHOP,TID_FUDGE_SHOP_DESCRIPTION,FudgeShopIdle,FudgeShopProcessing,Collect,Buy,,140,10,Coin,670,,TRUE,FALSE,,
,,,,,,,,,6,,,,,,,,,,,,,,,,,,550,5,Exp,1524,,,,,
,,,,,,,,,9,,,,,,,,,,,,,,,,,,2180,-15,SpeedUp,3304,,,,,
,,,,,,,,,12,,,,,,,,,,,,,,,,,,,,,,,,,,
,,,,,,,,,15,,,,,,,,,,,,,,,,,,,,,,,,,,
,,,,,,,,,18,,,,,,,,,,,,,,,,,,,,,,,,,,
,,,,,,,,,21,,,,,,,,,,,,,,,,,,,,,,,,,,
,,,,,,,,,24,,,,,,,,,,,,,,,,,,,,,,,,,,
Yoghurt_Maker,,,110,,103,0,,2,1100000,,,,sc/buildings_new.sc,yogurt_maker,yogurt_maker_mastered,2,2,44,0,TID_YOGURT_MAKER,TID_YOGURT_MAKER_DESCRIPTION,FudgeShopIdle,FudgeShopProcessing,Collect,Buy,,140,10,Coin,670,,TRUE,FALSE,,
,,,,,,,,,6,,,,,,,,,,,,,,,,,,550,5,Exp,1524,,,,,
,,,,,,,,,9,,,,,,,,,,,,,,,,,,2180,-15,SpeedUp,3304,,,,,
,,,,,,,,,12,,,,,,,,,,,,,,,,,,,,,,,,,,
,,,,,,,,,15,,,,,,,,,,,,,,,,,,,,,,,,,,
,,,,,,,,,18,,,,,,,,,,,,,,,,,,,,,,,,,,
,,,,,,,,,21,,,,,,,,,,,,,,,,,,,,,,,,,,
,,,,,,,,,24,,,,,,,,,,,,,,,,,,,,,,,,,,
Stew_Pot,,,115,,106,0,,2,1150000,,,,sc/buildings_new.sc,stew_pot,stew_pot_mastery,2,2,44,0,TID_STEW_POT,TID_STEW_POT_DESCRIPTION,SoupKitchenTap,SauceMachineTapProcessing,Collect,Buy,,140,10,Coin,670,,TRUE,,,
,,,,,,,,,6,,,,,,,,,,,,,,,,,,550,5,Exp,1524,,,,,
,,,,,,,,,9,,,,,,,,,,,,,,,,,,2180,-15,SpeedUp,3304,,,,,
,,,,,,,,,12,,,,,,,,,,,,,,,,,,,,,,,,,,
,,,,,,,,,15,,,,,,,,,,,,,,,,,,,,,,,,,,
,,,,,,,,,18,,,,,,,,,,,,,,,,,,,,,,,,,,
,,,,,,,,,21,,,,,,,,,,,,,,,,,,,,,,,,,,
,,,,,,,,,24,,,,,,,,,,,,,,,,,,,,,,,,,,
Cupcake_Maker,,,115,,109,0,,2,1200000,,,,sc/buildings_new.sc,cupcake_maker,cupcake_maker_mastered,2,2,44,0,TID_CUPCAKE_MAKER,TID_CUPCAKE_MAKER_DESCRIPTION,SoupKitchenTap,SauceMachineTapProcessing,Collect,Buy,,140,10,Coin,670,,TRUE,,,
,,,,,,,,,6,,,,,,,,,,,,,,,,,,550,5,Exp,1524,,,,,
,,,,,,,,,9,,,,,,,,,,,,,,,,,,2180,-15,SpeedUp,3304,,,,,
,,,,,,,,,12,,,,,,,,,,,,,,,,,,,,,,,,,,
,,,,,,,,,15,,,,,,,,,,,,,,,,,,,,,,,,,,
,,,,,,,,,18,,,,,,,,,,,,,,,,,,,,,,,,,,
,,,,,,,,,21,,,,,,,,,,,,,,,,,,,,,,,,,,
,,,,,,,,,24,,,,,,,,,,,,,,,,,,,,,,,,,,
Gift_Wrapping_Station,,,,,1,,,2,10,,,,sc/buildings_new.sc,giftwrapping_station,giftwrapping_station_mastered,2,2,3,0,TID_GIFT_WRAPPING_STATION,TID_GIFT_WRAPPING_STATION_DESCRIPTION,BakeryTap,SelectBakeryInProgress,Collect,Buy,,200,10,BoatExp,432,,TRUE,,TRUE,
,,,,,,,,,20,,,,,,,,,,,,,,,,,,400,-10,SpeedUp,540,,,,,
,,,,,,,,,32,,,,,,,,,,,,,,,,,,600,20,BoatExp,648,,,,,
,,,,,,,,,44,,,,,,,,,,,,,,,,,,,,,,,,,,
,,,,,,,,,56,,,,,,,,,,,,,,,,,,,,,,,,,,
,,,,,,,,,68,,,,,,,,,,,,,,,,,,,,,,,,,,
,,,,,,,,,80,,,,,,,,,,,,,,,,,,,,,,,,,,
,,,,,,,,,92,,,,,,,,,,,,,,,,,,,,,,,,,,
Waffle_Maker,,,110,,114,0,,2,1250000,,,,sc/buildings_new.sc,wafflemaker,wafflemaker_mastered,2,2,44,0,TID_WAFFLE_MAKER,TID_WAFFLE_MAKER_DESCRIPTION,SoupKitchenTap,SauceMachineTapProcessing,Collect,Buy,,140,10,Coin,670,,TRUE,,,
,,,,,,,,,6,,,,,,,,,,,,,,,,,,550,5,Exp,1524,,,,,
,,,,,,,,,9,,,,,,,,,,,,,,,,,,2180,-15,SpeedUp,3304,,,,,
,,,,,,,,,12,,,,,,,,,,,,,,,,,,,,,,,,,,
,,,,,,,,,15,,,,,,,,,,,,,,,,,,,,,,,,,,
,,,,,,,,,18,,,,,,,,,,,,,,,,,,,,,,,,,,
,,,,,,,,,21,,,,,,,,,,,,,,,,,,,,,,,,,,
,,,,,,,,,24,,,,,,,,,,,,,,,,,,,,,,,,,,
Easter_Egg_Maker,,,,,1,,,2,10,,,,sc/buildings_new.sc,easteregg_machine,easteregg_machine_mastery,2,2,3,0,TID_EASTER_EGG_MAKER,TID_EASTER_EGG_MAKER_DESCRIPTION,BakeryTap,SelectBakeryInProgress,Collect,Buy,,150,10,BoatExp,30,,TRUE,,TRUE,
,,,,,,,,,20,,,,,,,,,,,,,,,,,,300,-10,SpeedUp,40,,,,,
,,,,,,,,,32,,,,,,,,,,,,,,,,,,600,20,BoatExp,60,,,,,
,,,,,,,,,44,,,,,,,,,,,,,,,,,,,,,,,,,,
,,,,,,,,,56,,,,,,,,,,,,,,,,,,,,,,,,,,
,,,,,,,,,68,,,,,,,,,,,,,,,,,,,,,,,,,,
,,,,,,,,,80,,,,,,,,,,,,,,,,,,,,,,,,,,
,,,,,,,,,92,,,,,,,,,,,,,,,,,,,,,,,,,,
Omelet_Maker,,,,,77,0,,2,600000,,,,sc/buildings_new.sc,omelet_station,omelet_station_mastered,2,2,41,0,TID_OMELET_MAKER,TID_OMELET_MAKER_DESCRIPTION,BakeryTap,SelectBakeryInProgress,Collect,Buy,,140,10,Coin,670,,TRUE,,,
,,,,,,,,,6,,,,,,,,,,,,,,,,,,550,5,Exp,1524,,,,,
,,,,,,,,,9,,,,,,,,,,,,,,,,,,2180,-15,SpeedUp,3304,,,,,
,,,,,,,,,12,,,,,,,,,,,,,,,,,,,,,,,,,,
,,,,,,,,,15,,,,,,,,,,,,,,,,,,,,,,,,,,
,,,,,,,,,18,,,,,,,,,,,,,,,,,,,,,,,,,,
,,,,,,,,,21,,,,,,,,,,,,,,,,,,,,,,,,,,
,,,,,,,,,24,,,,,,,,,,,,,,,,,,,,,,,,,,
Porridge_Bar,,,120,,119,0,,2,1300000,,,,sc/buildings_new.sc,porridge_bar,porridge_bar_mastered,2,2,44,0,TID_PORRIDGE_BAR,TID_PORRIDGE_BAR_DESCRIPTION,BakeryTap,SelectBakeryInProgress,Collect,Buy,,140,10,Coin,670,,TRUE,,,
,,,,,,,,,6,,,,,,,,,,,,,,,,,,550,5,Exp,1524,,,,,
,,,,,,,,,9,,,,,,,,,,,,,,,,,,2180,-15,SpeedUp,3304,,,,,
,,,,,,,,,12,,,,,,,,,,,,,,,,,,,,,,,,,,
,,,,,,,,,15,,,,,,,,,,,,,,,,,,,,,,,,,,
,,,,,,,,,18,,,,,,,,,,,,,,,,,,,,,,,,,,
,,,,,,,,,21,,,,,,,,,,,,,,,,,,,,,,,,,,
,,,,,,,,,24,,,,,,,,,,,,,,,,,,,,,,,,,,
Gift_Wrapping_Station_2023,,,,,1,,,2,10,,,,sc/buildings_new.sc,giftwrapping_station_2023,giftwrapping_station_mastered_2023,2,2,3,0,TID_GIFT_WRAPPING_STATION,TID_GIFT_WRAPPING_STATION_DESCRIPTION,BakeryTap,SelectBakeryInProgress,Collect,Buy,,200,10,BoatExp,432,,TRUE,,TRUE,
,,,,,,,,,20,,,,,,,,,,,,,,,,,,400,-10,SpeedUp,540,,,,,
,,,,,,,,,32,,,,,,,,,,,,,,,,,,600,20,BoatExp,648,,,,,
,,,,,,,,,44,,,,,,,,,,,,,,,,,,,,,,,,,,
,,,,,,,,,56,,,,,,,,,,,,,,,,,,,,,,,,,,
,,,,,,,,,68,,,,,,,,,,,,,,,,,,,,,,,,,,
,,,,,,,,,80,,,,,,,,,,,,,,,,,,,,,,,,,,
,,,,,,,,,92,,,,,,,,,,,,,,,,,,,,,,,,,,
Milkshake_Bar,,,110,,124,0,,2,1350000,,,,sc/buildings_new.sc,milkshake_bar,milkshake_bar_mastery,2,2,44,0,TID_MILKSHAKE_BAR,TID_MILKSHAKE_BAR_DESCRIPTION,BakeryTap,SelectBakeryInProgress,Collect,Buy,,140,10,Coin,670,,TRUE,,,
,,,,,,,,,6,,,,,,,,,,,,,,,,,,550,5,Exp,1524,,,,,
,,,,,,,,,9,,,,,,,,,,,,,,,,,,2180,-15,SpeedUp,3304,,,,,
,,,,,,,,,12,,,,,,,,,,,,,,,,,,,,,,,,,,
,,,,,,,,,15,,,,,,,,,,,,,,,,,,,,,,,,,,
,,,,,,,,,18,,,,,,,,,,,,,,,,,,,,,,,,,,
,,,,,,,,,21,,,,,,,,,,,,,,,,,,,,,,,,,,
,,,,,,,,,24,,,,,,,,,,,,,,,,,,,,,,,,,,
Easter_Egg_Maker_2024,,,,,1,,,2,10,,,,sc/buildings_new.sc,easteregg_machine_2024,easteregg_machine_mastery_2024,2,2,3,0,TID_EASTER_EGG_MAKER,TID_EASTER_EGG_MAKER_DESCRIPTION,BakeryTap,SelectBakeryInProgress,Collect,Buy,,40,10,BoatExp,30,,TRUE,,TRUE,
,,,,,,,,,20,,,,,,,,,,,,,,,,,,80,-10,SpeedUp,40,,,,,
,,,,,,,,,32,,,,,,,,,,,,,,,,,,160,20,BoatExp,60,,,,,
,,,,,,,,,44,,,,,,,,,,,,,,,,,,,,,,,,,,
,,,,,,,,,56,,,,,,,,,,,,,,,,,,,,,,,,,,
,,,,,,,,,68,,,,,,,,,,,,,,,,,,,,,,,,,,
,,,,,,,,,80,,,,,,,,,,,,,,,,,,,,,,,,,,
,,,,,,,,,92,,,,,,,,,,,,,,,,,,,,,,,,,,
Essentials_Oil_Lab,,,110,,68,0,,2,85000,,,,sc/buildings_new.sc,essential_oil_lab,essential_oil_lab_mastery,2,2,44,0,TID_ESSENTIALS_OIL_LAB,TID_ESSENTIALS_OIL_LAB_DESCRIPTION,EssentialOilLabTap,EssentialOilLabProcessing,Collect,Buy,,70,10,Coin,670,,TRUE,,,
,,,,,,,,,6,,,,,,,,,,,,,,,,,,270,5,Exp,1524,,,,,
,,,,,,,,,9,,,,,,,,,,,,,,,,,,1080,-15,SpeedUp,3304,,,,,
,,,,,,,,,12,,,,,,,,,,,,,,,,,,,,,,,,,,
,,,,,,,,,15,,,,,,,,,,,,,,,,,,,,,,,,,,
,,,,,,,,,18,,,,,,,,,,,,,,,,,,,,,,,,,,
,,,,,,,,,21,,,,,,,,,,,,,,,,,,,,,,,,,,
,,,,,,,,,24,,,,,,,,,,,,,,,,,,,,,,,,,,
Birthday_Balloon_Maker_2024,,,,,1,,,2,10,,,,sc/buildings_new.sc,balloon_maker,balloon_maker_mastery,2,2,3,0,TID_BIRTHDAY_BALLOON_MAKER,TID_BIRTHDAY_BALLOON_MAKER_DESCRIPTION,BakeryTap,SelectBakeryInProgress,Collect,Buy,,48,10,BoatExp,20,,TRUE,,TRUE,
,,,,,,,,,24,,,,,,,,,,,,,,,,,,240,40,BoatExp,100,,,,,
,,,,,,,,,36,,,,,,,,,,,,,,,,,,380,100,BoatExp,250,,,,,
,,,,,,,,,48,,,,,,,,,,,,,,,,,,,,,,,,,,
,,,,,,,,,60,,,,,,,,,,,,,,,,,,,,,,,,,,
,,,,,,,,,72,,,,,,,,,,,,,,,,,,,,,,,,,,
,,,,,,,,,85,,,,,,,,,,,,,,,,,,,,,,,,,,
,,,,,,,,,100,,,,,,,,,,,,,,,,,,,,,,,,,,
Halloween_Candy_Maker_2024,,,,,1,,,2,10,,,,sc/buildings_new.sc,halloween_candy_shop,halloween_candy_shop_mastery,2,2,3,0,TID_HALLOWEEN_CANDY_MAKER,TID_HALLOWEEN_CANDY_MAKER_DESCRIPTION,BakeryTap,SelectBakeryInProgress,Collect,Buy,,48,10,BoatExp,10,,TRUE,,TRUE,
,,,,,,,,,24,,,,,,,,,,,,,,,,,,240,40,BoatExp,50,,,,,
,,,,,,,,,36,,,,,,,,,,,,,,,,,,380,100,BoatExp,125,,,,,
,,,,,,,,,48,,,,,,,,,,,,,,,,,,,,,,,,,,
,,,,,,,,,60,,,,,,,,,,,,,,,,,,,,,,,,,,
,,,,,,,,,72,,,,,,,,,,,,,,,,,,,,,,,,,,
,,,,,,,,,85,,,,,,,,,,,,,,,,,,,,,,,,,,
,,,,,,,,,100,,,,,,,,,,,,,,,,,,,,,,,,,,
Gift_Wrapping_Station_2024,,,,,1,,,2,10,,,,sc/buildings_new.sc,giftwrapping_station_2024,giftwrapping_station_mastered_2024,2,2,3,0,TID_GIFT_WRAPPING_STATION,TID_GIFT_WRAPPING_STATION_DESCRIPTION,BakeryTap,SelectBakeryInProgress,Collect,Buy,,48,10,BoatExp,10,,TRUE,,TRUE,
,,,,,,,,,24,,,,,,,,,,,,,,,,,,240,40,BoatExp,50,,,,,
,,,,,,,,,36,,,,,,,,,,,,,,,,,,380,100,BoatExp,125,,,,,
,,,,,,,,,48,,,,,,,,,,,,,,,,,,,,,,,,,,
,,,,,,,,,60,,,,,,,,,,,,,,,,,,,,,,,,,,
,,,,,,,,,72,,,,,,,,,,,,,,,,,,,,,,,,,,
,,,,,,,,,85,,,,,,,,,,,,,,,,,,,,,,,,,,
,,,,,,,,,100,,,,,,,,,,,,,,,,,,,,,,,,,,
Perfumerie,,,110,,110,0,,2,1000000,,,,sc/buildings_new.sc,perfumerie,perfumerie_mastery,2,2,44,0,TID_PERFUMERIE,TID_PERFUMERIE_DESCRIPTION,PerfumerieTap,PerfumerieProcessing,Collect,Buy,,80,10,Coin,670,,TRUE,,,
,,,,,,,,,6,,,,,,,,,,,,,,,,,,310,5,Exp,1524,,,,,
,,,,,,,,,9,,,,,,,,,,,,,,,,,,1230,-15,SpeedUp,3304,,,,,
,,,,,,,,,12,,,,,,,,,,,,,,,,,,,,,,,,,,
,,,,,,,,,15,,,,,,,,,,,,,,,,,,,,,,,,,,
,,,,,,,,,18,,,,,,,,,,,,,,,,,,,,,,,,,,
,,,,,,,,,21,,,,,,,,,,,,,,,,,,,,,,,,,,
,,,,,,,,,24,,,,,,,,,,,,,,,,,,,,,,,,,,
Easter_Egg_Maker_2025,,,,,1,,,2,10,,,,sc/buildings_new.sc,easteregg_machine_2025,easteregg_machine_mastery_2025,2,2,3,0,TID_EASTER_EGG_MAKER,TID_EASTER_EGG_MAKER_DESCRIPTION,BakeryTap,SelectBakeryInProgress,Collect,Buy,,40,10,BoatExp,30,,TRUE,,TRUE,
,,,,,,,,,20,,,,,,,,,,,,,,,,,,80,-10,SpeedUp,40,,,,,
,,,,,,,,,32,,,,,,,,,,,,,,,,,,160,20,BoatExp,60,,,,,
,,,,,,,,,44,,,,,,,,,,,,,,,,,,,,,,,,,,
,,,,,,,,,56,,,,,,,,,,,,,,,,,,,,,,,,,,
,,,,,,,,,68,,,,,,,,,,,,,,,,,,,,,,,,,,
,,,,,,,,,80,,,,,,,,,,,,,,,,,,,,,,,,,,
,,,,,,,,,92,,,,,,,,,,,,,,,,,,,,,,,,,,
Birthday_Balloon_Maker_2025,,,,,1,,,2,10,,,,sc/buildings_new.sc,balloon_maker_2025,balloon_maker_mastery_2025,2,2,3,0,TID_BIRTHDAY_BALLOON_MAKER,TID_BIRTHDAY_BALLOON_MAKER_DESCRIPTION,BakeryTap,SelectBakeryInProgress,Collect,Buy,,48,10,BoatExp,10,,TRUE,,TRUE,
,,,,,,,,,24,,,,,,,,,,,,,,,,,,240,40,BoatExp,50,,,,,
,,,,,,,,,36,,,,,,,,,,,,,,,,,,380,100,BoatExp,125,,,,,
,,,,,,,,,48,,,,,,,,,,,,,,,,,,,,,,,,,,
,,,,,,,,,60,,,,,,,,,,,,,,,,,,,,,,,,,,
,,,,,,,,,72,,,,,,,,,,,,,,,,,,,,,,,,,,
,,,,,,,,,85,,,,,,,,,,,,,,,,,,,,,,,,,,
,,,,,,,,,100,,,,,,,,,,,,,,,,,,,,,,,,,,
Halloween_Candy_Maker_2025,,,,,1,,,2,10,,,,sc/buildings_new.sc,halloween_candy_shop_2025,halloween_candy_shop_2025_mastery,2,2,3,0,TID_HALLOWEEN_CANDY_MAKER,TID_HALLOWEEN_CANDY_MAKER_DESCRIPTION,BakeryTap,SelectBakeryInProgress,Collect,Buy,,48,-50,SpeedUp,10,,TRUE,,TRUE,
,,,,,,,,,20,,,,,,,,,,,,,,,,,,240,50,BoatExp,50,,,,,
,,,,,,,,,32,,,,,,,,,,,,,,,,,,380,100,BoatExp,125,,,,,
,,,,,,,,,44,,,,,,,,,,,,,,,,,,,,,,,,,,
,,,,,,,,,56,,,,,,,,,,,,,,,,,,,,,,,,,,
,,,,,,,,,68,,,,,,,,,,,,,,,,,,,,,,,,,,
,,,,,,,,,80,,,,,,,,,,,,,,,,,,,,,,,,,,
,,,,,,,,,92,,,,,,,,,,,,,,,,,,,,,,,,,,
Gift_Wrapping_Station_2025,,,,,1,,,2,10,,,,sc/buildings_new.sc,giftwrapping_station_2025,giftwrapping_station_mastered_2025,2,2,3,0,TID_GIFT_WRAPPING_STATION,TID_GIFT_WRAPPING_STATION_DESCRIPTION,BakeryTap,SelectBakeryInProgress,Collect,Buy,,48,10,BoatExp,10,,TRUE,,TRUE,
,,,,,,,,,20,,,,,,,,,,,,,,,,,,240,40,BoatExp,50,,,,,
,,,,,,,,,32,,,,,,,,,,,,,,,,,,380,100,BoatExp,125,,,,,
,,,,,,,,,44,,,,,,,,,,,,,,,,,,,,,,,,,,
,,,,,,,,,56,,,,,,,,,,,,,,,,,,,,,,,,,,
,,,,,,,,,68,,,,,,,,,,,,,,,,,,,,,,,,,,
,,,,,,,,,80,,,,,,,,,,,,,,,,,,,,,,,,,,
,,,,,,,,,92,,,,,,,,,,,,,,,,,,,,,,,,,,
Doner_Kebab_Stand,,,105,,32,0,,2,22000,,,,sc/buildings_new.sc,doner_kebab_stand,doner_kebab_stand_mastered,2,2,44,0,TID_DONER_KEBAB_STAND,TID_DONER_KEBAB_STAND_DESCRIPTION,KebabStandTap,KebabStandProcessing,Collect,Buy,,90,10,Coin,145,1,TRUE,,,
,,,,,,,,,6,,,,,,,,,,,,,,,,,,370,5,Exp,277,3,,,,
,,,,,,,,,9,,,,,,,,,,,,,,,,,,1480,-15,SpeedUp,515,4,,,,
,,,,,,,,,12,,,,,,,,,,,,,,,,,,,,,,,,,,
,,,,,,,,,15,,,,,,,,,,,,,,,,,,,,,,,,,,
,,,,,,,,,18,,,,,,,,,,,,,,,,,,,,,,,,,,
,,,,,,,,,21,,,,,,,,,,,,,,,,,,,,,,,,,,
,,,,,,,,,24,,,,,,,,,,,,,,,,,,,,,,,,,,
Birthday_Balloon_Maker_2026,,,,,1,,,2,10,,,,sc/buildings_new.sc,balloon_maker_2026,balloon_maker_mastery_2026,2,2,3,0,TID_BIRTHDAY_BALLOON_MAKER,TID_BIRTHDAY_BALLOON_MAKER_DESCRIPTION,BakeryTap,SelectBakeryInProgress,Collect,Buy,,48,10,BoatExp,10,,TRUE,,TRUE,
,,,,,,,,,24,,,,,,,,,,,,,,,,,,240,40,BoatExp,50,,,,,
,,,,,,,,,36,,,,,,,,,,,,,,,,,,380,100,BoatExp,125,,,,,
,,,,,,,,,48,,,,,,,,,,,,,,,,,,,,,,,,,,
,,,,,,,,,60,,,,,,,,,,,,,,,,,,,,,,,,,,
,,,,,,,,,72,,,,,,,,,,,,,,,,,,,,,,,,,,
,,,,,,,,,85,,,,,,,,,,,,,,,,,,,,,,,,,,
,,,,,,,,,100,,,,,,,,,,,,,,,,,,,,,,,,,,
