Name,IntValue,StringValue,BooleanValue
String,int,String,boolean
OutlineColorR,255,,
OutlineColorG,255,,
OutlineColorB,255,,
OutlineColorA,255,,
OutlineHorizontalSize,7,,
OutlineVerticalSize,7,,
InvalidPositionOutlineColorR,255,,
InvalidPositionOutlineColorG,0,,
InvalidPositionOutlineColorB,0,,
InvalidPositionOutlineColorA,255,,
AnimalHabitatOutlineHorizontalSize,12,,
AnimalHabitatOutlineVerticalSize,12,,
FindFreeTileFromHabitatWhenBuyingAnimal,,,TRUE
MoveModeTimeMS,400,,
MaxZoom,200,,
DefaultZoom,100,,
MinZoom,0,,
MaxZoomMobile,200,,
DefaultZoomMobile,60,,
MinZoomMobile,0,,
MaxZoomSlowMobile,200,,
DefaultZoomSlowMobile,67,,
MinZoomSlowMobile,0,,
ObjectClickScrollDurationMS,1000,,
DoubleClickScrollDurationMS,1000,,
DoubleClickDistanceThreshold,15,,
IsoPanningDamp,0,,
IsoPinchingDamp,80,,
BuildingFixExp,1,,
RoadsideShopStandDiamondPrice,5,,
RoadsideShopStandAdvertisementDiamondPrice,1,,
RoadsideShopMaxStackAmount,10,,
RoadsideShopMaxPricePercentage,100,,
InitialRoadsideShopStandCount,4,,
CinematicCameraSpeed,700,,
EndClientTurnMessageIntervalSeconds,10,,
MinimumNotificationTimeMinutes,5,,
MaxFarmNameLength,25,,
MinRandomSoundSeconds,15,,
MaxRandomSoundSeconds,30,,
RoadsideShopDiscardDiamondPrice,1,,
VolumeFarAway,75,,
ButtonTimelineFile,,sc/hud.sc,
ButtonTimelineExportName,,button_timeline,
DragButtonTimelineFile,,sc/hud.sc,
DragButtonTimelineExportName,,drag_button_timeline,
MoveActivationExportName,,move_activation,
DebugFontName,,SC CCBackBeat,
AIFarmerName,,TID_GREG,
InitialAvatar,350,FreeCash,
,30,FreeDiamonds,
,9,Chicken Food,
AIAvatar,151,ExpLevel,
,100,ReputationLevel,
,6,RoadsideShopStandCount,
,3,WWFPackageState,
FeedbackEmail,,mailto:hayday.feedback@supercell.net?subject=<SUBJECT>,
FeedbackEmail_ANDROID,,mailto:hayday.android@supercell.net?subject=<SUBJECT>,
ReconnectAfterHibernateSeconds,120,,
DiamondButtonIgnoreTimeMS,1000,,
RoadSideShopStandAdvertisementCooldownMinutes,5,,
NewspaperRefreshSeconds,120,,
DiamondsFromRestartPackage,25,,
TreeIdleSpeedMultiplierMin,100,,
TreeIdleSpeedMultiplierMax,100,,
MinTimeHoursGregComesToBuy,4,,
UIMargins,70,,
UIMarginsMobile,35,,
FruitTreeVisualProgress0,5,,
FruitTreeVisualProgress1,15,,
FruitTreeVisualProgress2,33,,
MaxFollowing,10,,
FruitTreeFBURL,,http://game.haydaygame.com:8080/facebook?fruit_tree_high=<HIGH>&low=<LOW>,
FruitTreeFBURL_ANDROID,,http://gamea.haydaygame.com:8080/facebook?fruit_tree_high=<HIGH>&low=<LOW>,
FriendBarRefreshTimeSeconds,300,,
FacebookLoginDiamondReward,5,,
AvatarInfoWaitSeconds,20,,
UpdateURL,,,
MaintenanceURL,,,
BoyName,,TID_TOM,
RoadsideShopStandAdvertisementLifeMinutes,180,,
UniqueFarmFacebookURL,,http://game.haydaygame.com:8080/facebook?farmhigh=<HIGH>&low=<LOW>,
UniqueFarmFacebookURL_ANDROID,,http://gamea.haydaygame.com:8080/facebook?farmhigh=<HIGH>&low=<LOW>,
FacebookConnectWaitTime,20,,
FacebookConnectWaitTime_ANDROID,90,,
FacebookLikeCacheMinutes,5,,
DraggableButtonImprovedDragAccuracyEnabled,1,,
ShopScrollMS,1000,,
MaxAmbientAnimals,50,,
BACKGROUND_EXPORT_NAME_DECO_LAYER_01,,deco_layer_01,
BACKGROUND_EXPORT_NAME_BG_EDGE_EAST,,bg_edge_east,
BACKGROUND_EXPORT_NAME_BG_EDGE_NORTH,,bg_edge_north,
BACKGROUND_EXPORT_NAME_BG_EDGE_SOUTH,,bg_edge_south,
BACKGROUND_EXPORT_NAME_BG_EDGE_WEST,,bg_edge_west,
FBConnectPopup,2,,
BackgroundColor,,FF698E1C,
CloudsExportName,,cloud_formation,
AdColonyVideoZone,,vz183e4ebd9cb84e298f20ae,
AdColonyDebugVideoZone,,vz22a8eb884d74461da4d8d7,
AdColonyVideoZone_ANDROID,,vz89813cc064484a8dbf,
AdColonyDebugVideoZone_ANDROID,,vzebff7b516a1f4b10b9,
NewFeedbackFormat,,,TRUE
FriendMetaQueryIntervalSeconds,30,,
SnowfallFlakesHigh,700,,
SnowfallFlakesLow,700,,
SnowfallMinZ,0,,
SnowfallMaxZ,6000,,
SnowfallMinX,-2200,,
SnowfallMaxX,6400,,
ApproxPCRate,31,,
PurchaseLimitUSD,150,,
PurchaseLimitTimeMinutes,15,,
OfferDelaySeconds,5,,
PurchaseConfirmationDiamondLimit,1000000,,
LeaderboardTimeoutSeconds,30,,
CoinPurchaseType,0,,
MinLevelForPushNotification,6,,
GiftTimeSeconds,60,,
GiftFadeTimeSeconds,5,,
NewspaperAdLocation,,Newspaper,
CatalogueAdLocation,,package-catalog,
TwoStarFishWeight,570,,
ThreeStarFishWeight,800,,
FourStarFishWeight,950,,
MaxSurplusProductionGoods,50,,
LongHoldDurationMS,1000,,
RoadsideShopStandNewSaleIncreasePriceClampMax,500,,
MaxFollowerPages,10,,
FollowerPageSize,50,,
GlobalEventRefreshSeconds,10,,
JPShopItemFontSize,15,,
JPShopItemFontSizeMobile,12,,
MaxParallelProfilePictureDownloads,0,,
FacebookOpenGraphObjectURL,,http://game.haydaygame.com:8080/opengraph/object?globalId=<GLOBALID>,
FacebookOpenGraphObjectURL_ANDROID,,http://gamea.haydaygame.com:8080/opengraph/object?globalId=<GLOBALID>,
FacebookAchievementObjectURL,,http://game.haydaygame.com:8080/opengraph/achievement?achievementType=<GLOBALID>,
FacebookAchievementObjectURL_ANDROID,,http://gamea.haydaygame.com:8080/opengraph/achievement?achievementType=<GLOBALID>,
DeviceLinkCodeLength,12,,
DeviceLinkCodeValidSeconds,300,,
UseDeviceLink,,,TRUE
DeviceLinkHighestXpLevelAllowingOverride,0,,
DeviceLinkHighestPurchasesRealMoneyAllowingOverride,0,,
DeviceLinkRequirePlatformBinding,,,FALSE
LOW_RES_DEVICES,,iPhone4,
,,iPhone5,
,,iPhone6,
,,iPhone7,
,,iPad2,
,,iPad3,
,,iPad4,
,,iPod5,
,,iPod7,
LOW_RES_DEVICES_ANDROID,,,
MEDIUM_RES_DEVICES,,,
MEDIUM_MEMORY_LIMIT_ANDROID,1000000,,
HIGH_MEMORY_LIMIT_ANDROID,1200000,,
VERY_HIGH_MEMORY_LIMIT,2000000,,
ConfirmButtonPressDurationMillis,200,,
ConfirmButtonFadeoutDurationMillis,1000,,
ConfirmButtonPressToShortHintLimitMillis,50,,
ConfirmButtonPressToLongHintLimitMillis,2000,,
IAPFailRetryIntervalSeconds,120,,
IAPFailRetryCount,1,,
BufferServerCommands,,,TRUE
MaxNeighborhoodNameLength,25,,
MinNeighborhoodNameLength,3,,
MaxNeighborhoodMottoLength,240,,
MaxNeighborhoodDescriptionLength,512,,
CreateNeighborhoodCoinPrice,500,,
ShopSortAndAddItemsDelayMS,100,,
ShopSortAndAddItemsDelayMSLowRes,500,,
MaxGCPopup,20,,
LoginTimeoutSeconds,120,,
RoadsideShopStandDiamondPriceIncrease,2,,
MaxRoadsideShopStandCount,500,,
HowToUpdateIOSSupportURL,,https://supercell.helpshift.com/a/hay-day/?s=troubleshooting-device-settings&f=end-of-support-for-devices-with-ios-5-or-6,
FirstSupportedIOSVersion,,9,
DerbyHelpshiftID,,56,
DerbyHelpshiftURL,,https://supercell.helpshift.com/a/hay-day/?s=neighbourhoods&f=derby-tutorial,
DerbyTaskTimeLeftPercentNotification,20,,
DerbyMinutesLeftNotification,2880,,
DerbySaveStateToLogic,,,TRUE
GCLoadAsync,,,TRUE
GCLoadPhotoAsync,,,TRUE
GCLoadPhoto,,,FALSE
SCCacheWriteEnabled,,,TRUE
SCCacheWriteFreeSpaceLimit,2000,,
SCCacheWriteFreeSpaceLimit_ANDROID,2000,,
SCCacheLoadEnabled,,,TRUE
SCCacheEnabledForUser,,,TRUE
DerbyOptOutNotificationIntervalMinutes,360,,
DerbyOptOutNotificationCount,2,,
RED_CAMPAIGN_ENABLED,,,FALSE
RED_CAMPAIGN_ENABLED_ANDROID,,,FALSE
DERBY_SHOW_LEAGUE_DURING_PAUSE,,,TRUE
FREE_DIAMOND_SPEED_UP_BEFORE_LEVEL,999,,
DERBY_SHOW_RACE_UI_DURING_PAUSE,,,TRUE
CameraBetweenRoadsideShopAndMailbox,,,TRUE
CameraBetweenRSSAndMailboxMaxTileDelta,0,,
ShowDerbyFinishedText,,,TRUE
NeighborhoodTrophyUI,,,
ShowEventFishTooltip,,,TRUE
RemoveDerbyNotificationWhenOptedOut,,,TRUE
SiloUpgradeTutorial,,,TRUE
RedNewsIconURL,,http://game-assets.haydaygame.com/static/inbox_messages/icons/red_campaign_logo2.png,
NewLoadingSpinners,,,TRUE
DerbySpectatorMode,,,TRUE
UpdateDerbyCloseButtonEveryFrame,,,TRUE
FieldsInTwoLayers,,,TRUE
KeepScreenOnDuringIntro,,,TRUE
ChampionLeagueHelpshiftFaqID,,2287,
UpgradeMaterialsInToolOffers,,,TRUE
DerbyScoreDecimals,,,TRUE
NeighborhoodSearchRecommendationFixes,,,TRUE
UpdateDerbyBannerInBuildingsImmediately,,,TRUE
ShopScrollAreaExtraWidth,300,,
ConfirmTypePopupTextVerticalCenter,,,
TrophyUINewFix,,,TRUE
VungleAndroidNewFix,,,FALSE
TUTORIAL_SHOW_FB_LOGIN_UNTIL_LVL,1,,
TUTORIAL_SHOW_FB_LOGIN_UNTIL_LVL_AMAZON,1,,
ProductionBuildingUIDontBlockTouches,,,TRUE
LayoutSlotUnlockLevels,23,,
,23,,
,23,,
,23,,
,23,,
LayoutSlotDiamondPrices,0,,
,0,,
,20,,
,40,,
,80,,
MaxLayoutNameLength,25,,
EditModeSinglePlacement,,,TRUE
BoatFeatureImageURL,,http://game-assets.haydaygame.com/static/unlock_images/unlock_boatdoc_950x520.png,
DuckSalonFeatureImageURL,,http://game-assets.haydaygame.com/static/unlock_images/unlock_ducksalon_950x520.png,
EditModeFeatureImageURL,,http://game-assets.haydaygame.com/static/unlock_images/unlock_editmode_new_950x520.png,
EventsFeatureImageURL,,http://game-assets.haydaygame.com/static/unlock_images/unlock_event_board_950x520.png,
ExpansionsFeatureImageURL,,http://game-assets.haydaygame.com/static/unlock_images/unlock_expansions_950x520.png,
FishingFeatureImageURL,,http://game-assets.haydaygame.com/static/unlock_images/unlock_fishing_950x520.png,
LobsterPoolFeatureImageURL,,http://game-assets.haydaygame.com/static/unlock_images/unlock_lobsterpool_950x520.png,
MineFeatureImageURL,,http://game-assets.haydaygame.com/static/unlock_images/unlock_mine_950x520.png,
NeighborhoodFeatureImageURL,,http://game-assets.haydaygame.com/static/unlock_images/unlock_neighborhood_chat_950x520.png,
NetMakerFeatureImageURL,,http://game-assets.haydaygame.com/static/unlock_images/unlock_netmaker_950x520.png,
RoadsideShopFeatureImageURL,,http://game-assets.haydaygame.com/static/unlock_images/unlock_rss_950x520.png,
TownFeatureImageURL,,http://game-assets.haydaygame.com/static/unlock_images/unlock_town_950x520.png,
TradingFeatureImageURL,,http://game-assets.haydaygame.com/static/unlock_images/unlock_nhrequests_950x520.png,
HelpersFeatureImageURL,,http://game-assets.haydaygame.com/static/unlock_images/unlock_helpers_950x520.png,
SpecialExpansionsFeatureImageURL,,http://game-assets.haydaygame.com/static/unlock_images/unlock_expansions_new_950x520.png,
BoostersFeatureImageURL,,http://game-assets.haydaygame.com/static/unlock_images/unlock_boosters_950x520.png,
WorkbenchFeatureImageURL,,http://game-assets.haydaygame.com/static/unlock_images/unlock_workbench_950x520.png,
MolluscBedFeatureImageURL,,http://game-assets.haydaygame.com/static/unlock_images/unlock_lobsterpool_950x520.png,
RequestItemMaxAmountCrops,10,,
RequestItemMaxAmountProducts,5,,
RequestItemMaxAmountTools,3,,
RequestCooldownMinutes,480,,
DonationCooldownMinutes,1440,,
ExtraRequestDiamondPrice,5,,
FreeRequestAmount,1,,
RequestMaxAmount,2,,
DonationMaxAmount,40,,
RequestBoardRefreshDelaySeconds,5,,
BuyDiamondsHUDThemeLeftExportName,,,
BuyDiamondsHUDThemeRightExportName,,,
FinishDeferredTransactionInHours,24,,
HelperUpdateIntervalSeconds,60,,
MaxHelperDrops,10,,
CCheckEnabled,,,TRUE
GoogleAutomaticLogoutSupportURL,,https://supercell.helpshift.com/a/hay-day/?p=web&s=my-account&f=why-have-i-been-automatically-logged-out-google-play,
GoogleAutomaticLogoutHelpshiftID,,3993,
MaxFriends,500,,
MaxFriendRequests,100,,
FBLoadPhoto,,,TRUE
FriendRequestRefreshTimeSeconds,300,,
FriendBlockIntervalSeconds,2592000,,
DaysWithoutSpendingLimit,90,,
BoosterActivationDiamondPrices,0,,
,2,,
,4,,
,6,,
,12,,
,20,,
,30,,
,45,,
,60,,
,80,,
,100,,
,150,,
,200,,
,250,,
,300,,
,350,,
,400,,
,450,,
,500,,
BoosterKeepDiamondPrices,2,,
,4,,
,6,,
,12,,
,20,,
,30,,
,45,,
,60,,
,80,,
,100,,
,150,,
,200,,
,250,,
,300,,
,350,,
,400,,
,450,,
,500,,
FreeBoosterStorageSlots,3,,
FreeActiveBoosterSlots,1,,
MaxPendingBoosters,3,,
NeighborhoodInfoFooterItems,2,,
SanctuaryGateExpansions,,,
PassengerChanceWantViewUnownedAnimal,3,,
SanctuaryCollectionAreaMaxDrops,10,,
DerbyMinTaskPointsToShowRareUI,320,,
SanctuaryFeatureImageURL,,http://game-assets.haydaygame.com/static/unlock_images/unlock_sanctuary_950x520.png,
ContentDownloadEnabled,,,TRUE
UseDeepLinking,,,TRUE
BoomboxShareTagsEnabled,,,TRUE
BoomboxShareDisabledIOSMin,,,
BoomboxShareDisabledIOSMax,,,
FullscreenCommunityHubEnabled,,,FALSE
MaxNeighborhoodPublicMessages,5,,
LoginTargetingStickySecs,86400,,
RoadSideShopStandDefaultAdvertise,,,
MaxQueuedLocalNotifications,64,,
RenovatorAvailableRerollsPerRestock,3,,
RenovatorRerollCostDiamonds,2,,
,4,,
,6,,
,8,,
,10,,
,12,,
,14,,
RenovatorSpawnDayOfWeek,0,,
RenovatorSpawnHour,8,,
RenovatorStayTimeHours,72,,
RenovatorFeatureImageURL,,http://game-assets.haydaygame.com/static/unlock_images/unlock_builder_950x520.png,
GCConnectFriends,,,TRUE
FBConnectFriends,,,TRUE
UnityAdsGameID,,1782301,
UnityAdsGameID_ANDROID,,1782302,
SwitchConfirmationExpLevel,7,,
RenovatorBuyBackDiscountPercentage,75,,
ShowPetNameWhenVisitingEnabled,,,TRUE
ForcedFarmModeLeftBound,1980,,
ForcedFishingModeLeftBound,400,,
HelpshiftRequiresOptionalUpdate,0,,
FriendFullName,,,
LiveShopNotificationRandomOffsetMinutes,10,,
LiveShopEndingNotificationMinutesBeforeEnd,1440,,
MaxSharedVisitors,3,,
MaxSharedExtraNeighborhoodVisitors,1,,
MaxSharedOrders,3,,
MaxSharedExtraNeighborhoodOrders,1,,
AutoCreateNeighborhoodEnabled,,,TRUE
AutoCreateNeighborhoodDerbyOptInEnabled,,,TRUE
UseNewAssetSelectionLogic,,,TRUE
SelectIpadAssetsAspectRatio,600,,
SpecialTabletCheckMinWidth,500,,
SpecialTabletCheckMaxWidth,800,,
TabletInchWidth,530,,
FillHelpDelayMS,5000,,
MapGameFeatureImageURL,,http://game-assets.haydaygame.com/static/unlock_images/unlock_valley_950x520.png,
UseSelfHelp,,,TRUE
SelfHelpStagingUrl,,https://ingame.help-staging.supercellsupport.com/hay-day/en/index.html,
SelfHelpDevUrl,,https://ingame.help-dev.supercellsupport.com/hay-day/en/index.html,
ChineseNoticeTitle,,健康游戏忠告,
ChineseNoticeText,,抵制不良游戏，拒绝盗版游戏。<CR>注意自我保护，谨防受骗上当。<CR>适度游戏益脑，沉迷游戏伤身。<CR>合理安排时间，享受健康生活。,
AIRoadsideShopNumberOfAllowedRerolls,5,,
AIRoadsideShopNumberOfRerollsKeptForExclusionList,1,,
AIRoadsideShopRerollsDiamondPrice,5,,
,5,,
,5,,
,5,,
,5,,
PopFeatureImageURL,,http://game-assets.haydaygame.com/static/unlock_images/unlock_valley_950x520.png,
PopPromoWeeklyResetDay,0,,
PopPromoWeeklyResetHourUTC,0,,
PopPromoMaxPopBoxCount,5,,
PopPromoMaxHayDayBoxCount,5,,
PopPromoTruckOrderMaxWeeklyPopBoxCount,2,,
PopPromoTruckOrderMaxPopBoxCount,2,,
PopPromoTruckOrderPopBoxProbability,100,,
PopPromoBoatOrderMaxWeeklyPopBoxCount,2,,
PopPromoBoatOrderMaxPopBoxCount,2,,
PopPromoBoatOrderPopBoxProbability,100,,
PopPromoMysteryBoxMaxWeeklyPopBoxCount,2,,
PopPromoMysteryBoxMaxPopBoxCount,2,,
PopPromoMysteryBoxPopBoxProbability,100,,
PopPromoDerbyThresholdRewardIndex,3,,
,4,,
,5,,
PopPromoDerbyMaxWeeklyPopBoxCount,10000,,
PopPromoDerbyMaxPopBoxCount,3,,
PopPromoDerbyPopBoxProbability,100,,
PromoMapGameTier1RewardIndex,3,,
,4,,
,5,,
PopPromoMapGameMaxWeeklyPopBoxCount,10000,,
PopPromoMapGameMaxPopBoxCount,3,,
PopPromoMapGamePopBoxProbability,100,,
PopPromoDisabledLoginCountries,,CN,
PopPromoInfoTitle,,TID_POP_PROMO_INFO_TITLE1,
,,TID_POP_PROMO_INFO_TITLE2,
,,TID_POP_PROMO_INFO_TITLE3,
,,TID_POP_PROMO_INFO_TITLE4,
,,TID_POP_PROMO_INFO_TITLE5,
,,TID_POP_PROMO_INFO_TITLE6,
,,TID_POP_PROMO_INFO_TITLE7,
PopPromoInfoText,,TID_POP_PROMO_INFO_PAGE1,
,,TID_POP_PROMO_INFO_PAGE2,
,,TID_POP_PROMO_INFO_PAGE3,
,,TID_POP_PROMO_INFO_PAGE4,
,,TID_POP_PROMO_INFO_PAGE5,
,,TID_POP_PROMO_INFO_PAGE6,
,,TID_POP_PROMO_INFO_PAGE7,
PopPromoInstallInfoTitle,,TID_POP_INSTALL_PROMO_INFO_TITLE1,
,,TID_POP_INSTALL_PROMO_INFO_TITLE2,
,,TID_POP_INSTALL_PROMO_INFO_TITLE3,
,,TID_POP_INSTALL_PROMO_INFO_TITLE4,
,,TID_POP_INSTALL_PROMO_INFO_TITLE5,
,,TID_POP_INSTALL_PROMO_INFO_TITLE6,
,,TID_POP_INSTALL_PROMO_INFO_TITLE7,
PopPromoInstallInfoText,,TID_POP_INSTALL_PROMO_INFO_PAGE1,
,,TID_POP_INSTALL_PROMO_INFO_PAGE2,
,,TID_POP_INSTALL_PROMO_INFO_PAGE3,
,,TID_POP_INSTALL_PROMO_INFO_PAGE4,
,,TID_POP_INSTALL_PROMO_INFO_PAGE5,
,,TID_POP_INSTALL_PROMO_INFO_PAGE6,
,,TID_POP_INSTALL_PROMO_INFO_PAGE7,
PopPromoDownloadUrl,,https://haydaypop.com/,
DisableIAPLoginCountry,,CN,
DisablePurchaseChronosEventsLoginCountry,,,
BlueprintLimit,15,,
FarmPassInfoTitle,,TID_FARM_PASS_INFO_TITLE1,
,,TID_FARM_PASS_INFO_TITLE2,
,,TID_FARM_PASS_INFO_TITLE3,
,,TID_FARM_PASS_INFO_TITLE4,
,,TID_FARM_PASS_INFO_TITLE5,
,,TID_FARM_PASS_INFO_TITLE6,
,,TID_FARM_PASS_INFO_TITLE7,
,,TID_FARM_PASS_INFO_TITLE8,
FarmPassInfoText,,TID_FARM_PASS_INFO_PAGE1,
,,TID_FARM_PASS_INFO_PAGE2,
,,TID_FARM_PASS_INFO_PAGE3,
,,TID_FARM_PASS_INFO_PAGE4,
,,TID_FARM_PASS_INFO_PAGE5,
,,TID_FARM_PASS_INFO_PAGE6,
,,TID_FARM_PASS_INFO_PAGE7,
,,TID_FARM_PASS_INFO_PAGE8,
DerbyMaxModularDecosLeagueRewards,1,,
DerbyMaxModularDecosThresholdRewards,0,,
HorizonIslandDistance,20000,,
HorizonIslandSpeed,3500,,
FarmPassDailyTaskResetUTCHour,8,,
FarmPassNumDailyTasks,3,,
FarmPassNumWeeklyTasks,3,,
FarmPassWeeklyTasksSpawnIntervalSecondsDev,259200,,
FarmPassWeeklyTasksSpawnIntervalSecondsProd,259200,,
FarmPassRewardChickenIdleDelay,250,,
FarmPassRewardChickenIdleProbability,75,,
FarmPassBabyChickenIdleProbability,90,,
FarmPassTaskPointsMultiplier,,7;20,
,,14;50,
,,21;70,
FarmPassCinematicStartDelayMillis,1000,,
FarmPassCinematicStartSeconds,10,,
FarmPassCinematicBabyChickens,1,,
FarmPassCinematicBabyChickenIntervalMillis,500,,
FarmPassProgressBarEnabled,,,
FarmPassBabyChickTileArea,,18;42,
,,19;42,
,,20;42,
,,21;42,
,,22;42,
,,18;43,
,,19;43,
,,20;43,
,,21;43,
,,19;44,
,,20;44,
FarmPassBabyChickEntryRoute,,19;50,
,,19;43,
,,19;44,
,,19;45,
FarmPassBabyChickExitRoute,,18;51,
WhitelistVulkanDevice,,,
FarmPassPurchaseDisableSeconds,3600,,
GetFarmPassPopUpBackgroundImageURL,,http://game-assets.haydaygame.com/static/farm_pass/fp_popup_illustration_bg_v9.jpg,
GetFarmPassPopUpBackgroundImageURLOverlay,,http://game-assets.haydaygame.com/static/farm_pass/fp_popup_illustration_chicks_v9.png,
FarmPassFeatureImageURL,,http://game-assets.haydaygame.com/static/unlock_images/unlock_farmpass_950x520.png,
DailyTasksFeatureImageURL,,http://game-assets.haydaygame.com/static/unlock_images/unlock_daily_tasks_950x520.png,
DecoStickerBookFeatureImageURL,,http://game-assets.haydaygame.com/static/unlock_images/unlock_sticker_book_950x520.png,
AnimalOutlineColor,,FFBA93DB,
AnimalOutlineHorizontalSize,5,,
AnimalOutlineVerticalSize,5,,
SupportCreatorEnabled,,,TRUE
SupportCreatorValidTime,604800,,
SCIDLoadPhoto,,,TRUE
BillingDisabledNoReceiptSeconds,10,,
BillingDisabledWithReceiptSeconds,3600,,
LastSeenFarmPassReminderTimeIntervalSeconds,432000,,
FarmPassReminderDelaySeconds,0,,
FarmPassReminderSeconds,5,,
FarmPassReminderUnclaimedRewardCount,4,,
FBOnlyInstalledFacebookFriends,,,FALSE
FarmPassDecoAnimationEnabled,,,TRUE
FarmPassDecoScaleBase,35,,
FarmPassDecoScaleModifierMin,90,,
FarmPassDecoScaleModifierMax,170,,
FarmPassChickDisappearFix,,,TRUE
FarmPassChickAlwaysRun,,,TRUE
FarmPassLoopingRewardProgressBarSpeed,100,,
MysteryBoxRewardLimitCheckEnabled,,,FALSE
DerbyRewardLimitCheckEnabled,,,FALSE
FarmCameraExtraMargin,150,,
DecoEventCameraExtraMargin,256,,
SCIDNotifications,,,TRUE
SCIDNotificationsDelaySeconds,3,,
UnityVideoAdsDisabledDevices,,"ipad1,",
,,"ipod1,",
,,"ipod2,",
,,"ipod3,",
,,"ipod4,",
UnityVideoAdsMinimumOSVersion,,9,
UnityVideoAdsMinimumOSVersion_ANDROID,,19,
IronSourceVideoAdsMinimumOSVersion,,12,
IronSourceVideoAdsMinimumOSVersion_ANDROID,,23,
GooglePlayStoreURL,,https://play.google.com/store/apps/details?id=com.supercell.hayday,
SecondsBetweenKeepAlive,30,,
PushTargetedOffers,,,TRUE
OfferSkipsBeforePricePointDrop,4,,
ShowEventIntro,,,TRUE
OpenEventBoardFromEventIntro,,,TRUE
SCIDStoreAutoClaimDelaySeconds,15,,
FixAvatarDecorations,,,TRUE
BalanceChecksInDiamondsAddedCommand,,,TRUE
LoadAdditionalFilesInFarm,,,FALSE
ScaleMultilineTextFieldWithWidestWord,,,TRUE
UseTextFieldAutoAdjust,,,TRUE
UseTextFieldVCenter,,,TRUE
RefreshDataTablesTimeSecond,60,,
WebNotificationsEnabled,,,TRUE
EditModeMemoryOptimization,,,TRUE
EditModeIsoObjectOptimization,,,TRUE
LogicGameObjectManagerInsertionSort,,,TRUE
UseServerTimeForEpoch,,,TRUE
BigIconsInResourceGainedSprite,,,TRUE
UpdateBowlCountsBeforeGoToHabitat,,,TRUE
AnimatedShopIconsEnabled,,,TRUE
AllDecoShopIconsAnimated,,,FALSE
AgeGate,,,TRUE
ShopIconAreaTop,-50,,
ShopIconAreaLeft,-50,,
ShopIconAreaRight,50,,
ShopIconAreaBottom,50,,
ShopIconClipAreaTop,-50,,
ShopIconClipAreaLeft,-60,,
ShopIconClipAreaRight,62,,
ShopIconClipAreaBottom,50,,
AlwaysConvertCommandDataReferences,,,TRUE
AgeMin,4,,
AgeMax,60,,
MaxPetNameLength,30,,
MaxSpins,,,
MaxSpinsYoungPlayer,,,
GiftCatalogueMaxResourceChecks,,,TRUE
RoadSideShopBackPoleMovedBack,,,TRUE
GlobalAgeRestriction,16,,
GlobalAskAgeTutorial,,,
AgeRestrictions,,KR=14,
ParentalConsents,,KR,
ShowBoatCrateBonusInBoatOrderHUD,,,TRUE
NoSeasonalCurrencyDropIfBarnFull,,,TRUE
SeasonalCurrencyAddedToExistingTruckOrders,,,TRUE
SkipRoadsideShopBackgroundFadeOnVisit,,,TRUE
LayoutModeAffectsShopBadges,,,TRUE
QueueCommands,,,TRUE
TimeLimitedOffersFromChronos,,,TRUE
AnimatedProcessingBuildingIcons,,,TRUE
AnimatedAnimalIcons,,,TRUE
DynamicTooltips,,,TRUE
HoldToDisplayTooltips,,,FALSE
SupportSlidingTooltips,,,FALSE
TooltipFadeoutTimeMS,4000,,
TooltipBorderMarginMobile,20,,
TooltipBorderMarginTable,40,,
MobileTooltipScaleReferenceDPI,250,,
MobileTooltipScaleReferenceStageHeight,400,,
DefaultAssumedLastPurchasedUSD,99,,
MobileMainHUDSafeAreaHeightLimit,330,,
MobileMainHUDSafeAreaDPIRequirement,320,,
MobileMainHUDSafeAreaHeightLimit_ANDROID,0,,
TabletToMobileUIScale,70,,
FloaterTextY,86,,
FloaterTextYMobile,69,,
FarmPassBottomHUDButton,,,TRUE
FarmPassPurchaseButton,,,TRUE
FixShopAndFriendsCloseButtonPos,,,TRUE
ScaledTextFieldFontSizeHack,,,TRUE
ShowFarmPassPurchasePopupFromAllRewards,,,TRUE
FarmPassButtonOutsideHome,,,TRUE
MapGameInventoryTooltipWithLinks,,,TRUE
MapGamePreventMovesWhenMovePending,,,TRUE
AnimalFeedTooltipOnTap,,,TRUE
GiftMailBoxDiscardPassedGifts,,,TRUE
ShopExtraBigScrollArea,,,TRUE
OneTapFruitTreeRevive,,,TRUE
NamePopupAgeCheckAlwaysInHome,,,TRUE
ForceSendCommandsIfMoreThan,100,,
DelayTextBoxRelease,,,TRUE
LogicServerChecksMarch2023,,,TRUE
FarmPassCommandsOutsideHome,,,TRUE
RefreshEventDataPointers,,,TRUE
BirthdayTaskDiscardCooldownSeconds,300,,
BirthdayTaskCooldownSkipDiamondPrice,10,,
HammermillTooltipAlignRight,,,TRUE
DraggableRecipeDelayMS,300,,
NewspaperHUDWidth,1000,,
NewspaperHUDHeight,580,,
CatalogueHUDWidth,900,,
CatalogueHUDHeight,600,,
RoadsideShopHUDWidth,675,,
RoadsideShopHUDHeight,420,,
PetAnimationIndexInLogic,,,TRUE
FarmPassTaskLinkTooltips,,,TRUE
DerbyTaskLinkTooltips,,,TRUE
OnlyActiveBirthdayTaskTooltipHasLink,,,FALSE
SiloHUDFloaterTextsOnTopOfHUD,,,TRUE
SiloSearchBar,,,TRUE
RSSSearchBar,,,TRUE
NHRequestSearchBar,,,TRUE
TomSearchBar,,,TRUE
ShopSectorLeftSpace,14,,
ShopSectorRightSpace,24,,
ModalChecksSmallScreen,,,TRUE
FarmPassHatsOnAllGregsAnimal,,,FALSE
FarmPassHatsOnSomeGregsAnimal,,,TRUE
EndMoveModeCrashFix2023,,,TRUE
FarmPassHelpButtonHitAreaFix,,,TRUE
FreeBoosterActivationSlot,,,TRUE
TimeCutDoneTooltip,,,TRUE
TimeCutStartedWithDelay,,,TRUE
FailPopupNoSlideSupportWhenOnlyOneIcon,,,TRUE
InventoryVisibleDurationMS,3000,,
InventoryFadeInDurationMS,200,,
InventoryFadeOutDurationMS,500,,
BuildingConstructionFloaterTextsOnTopOfHUD,,,TRUE
BlockTooltipIfNotTopMenu,,,TRUE
DontAddSCIDPackagesToBilling,,,TRUE
HelpCarOrderAvailableEvenWithoutCar,,,TRUE
ChatStreamReportButton,,,TRUE
AttributionMessageYoungPlayerCheck,,,FALSE
TimeUtilUnbreakableSpace,,,TRUE
SmallScreenHidesTooltips,,,TRUE
ServerChecksCoinsInNHCreate,,,TRUE
BirthdayTasksIgnorePendingProducts,,,TRUE
FarmPassTasksIgnorePendingProducts,,,TRUE
BirthdayTasksCanBeRefreshed,,,FALSE
HideCustomEventUIUntilDownloadComplete,,,TRUE
EnableClientTimeSpentRSS,,,TRUE
EnableClientTimeSpentNewspaper,,,TRUE
EnableClientTimeSpentValley,,,TRUE
ChronosEventProgressedDerby,,,TRUE
ChronosEventProgressedFarmPass,,,TRUE
ChronosEventProgressedBirthday,,,TRUE
ChronosEventParticipateBirthday,,,TRUE
ChronosEventParticipateFarmPass,,,TRUE
ChronosEventParticipateShopOffers,,,TRUE
ChronosEventParticipateCalendarGifts,,,TRUE
ChronosEventBirthdayTask,,,TRUE
ChronosEventBirthdayTaskForActions,,select;collect;discard;speedUp;renew;failed,
ChronosEventBirthdayReward,,,TRUE
ChronosEventBirthdayShowTaskTooltipWhenAnotherTaskHasExpired,,,FALSE
InventoryNegativeItemsCheckInClient,,,TRUE
ResourceGainedEventForGlobalIDs,,1900000;1900003;1900212,
ResourceGainedEventForDataTableTypes,,271;341,
ResourceSpentEventForGlobalIDs,,1900212,
ResourceSpentEventForDataTableTypes,,341,
ResourceGainedEventDisabledForTags,,5;9;104;105;115;118;253,
ShowBuyDiamondsScrollsToDiamonds,,,TRUE
GiftRollRandomSeedFix,,,TRUE
ShowReEngagementFlowEvenIfTimeIsOut,,,TRUE
BirthdayTasksAvoidDuplicateCurrentTasks,,,TRUE
VideoAdAvailableCheckTime,750,,
DiamondsAddedCommandWithoutServerTrip,,,TRUE
IgnoreEmptyExpansionAreas,,,TRUE
DecisionBoxExpansionConnectivityFix,,,TRUE
PersonalTrainMaintenanceTimerAccurate,,,TRUE
BuilderFloatFix,,,TRUE
InterpolateMovieClipsTo60fps,,,TRUE
ShopFilterIncludesExportNameAndTID,,,FALSE
ShopFilterIncludesTheme,,,TRUE
RoadsideShopPurchaseSSEForAllItems,,,TRUE
SanctuaryAnimalPathfindFix,,,TRUE
EventDownloadSha1Checks,,,TRUE
EventLeaderboardPlayerVisitEnabled,,,TRUE
EventDownloadQueueUpdateIntervalMS,1000,,
BirthdayTasksSelectRenewedTask,,,TRUE
BirthdayTasksCantStartTaskIfAnotherTaskIsFailed,,,TRUE
BirthdayTaskEventTaskCompleteNotice,,,TRUE
EventLeaderboardRefreshFrequency,300,,
EventLeaderboardEndNotice,,,TRUE
EventLeaderboardRankUpNotice,,,TRUE
EventLeaderboardRankDownNotice,,,TRUE
EventLeaderboardNotifyOnlyOnRewardTierChange,,,TRUE
EventLeaderboardBoundsWidth,960,,
EventLeaderboardBoundsHeight,540,,
EventBoardShowOnlyActiveEvents,,,FALSE
BoosterUIStacking,,,TRUE
HeavierFishBoosterGameModeFix,,,TRUE
ReleaseGameAssetsBetweenModes,,,TRUE
TextWhenTryingToHelpWithLockedBoatCrate,,,TRUE
TutorialConfirmButtonAppearTimeMS,3000,,
TutorialAnimationNeedsToComplete,,,TRUE
BoosterHUDTopPanelMinMargin,20,,
BoosterHUDTopPanelMinMarginMobile,15,,
TaskEventLeaderboardScrollDurationMS,1000,,
BoostersHUDOverlayStreamsHUD,,,TRUE
ExpiredSeasonalGoodsBoatOrderFix,,,TRUE
IdleNoticeForClaimableTaskEventRewards,,,FALSE
NewspaperWaitThingy,,,TRUE
UpdatePrevKnownEventLeaderboardRanksWhenRankingUp,,,TRUE
FirebaseSDK,,,TRUE
NewTermsOfServiceText,,,TRUE
CloseMapGameHUDWhenEventOver,,,TRUE
ResetMapGameQuestsWhenEventOver,,,TRUE
MapGameOnlySavesPreviousAndCurrentEventData,,,TRUE
SpellFactoryVoucherPopupImageURL,,https://game-assets.haydaygame.com/static/spellfactory/sf_rewards_claim_web_8x8.ktx,
ShowTaskEventInValley,,,FALSE
ShowSeasonalCurrencyInValley,,,FALSE
DefaultDownscaleIfCompressedFormatNotSupported,,,TRUE
EditModeMoveDelayFix,,,TRUE
EditModeTempObjectCoordinateBeforeAddingToTiles,,,TRUE
SpaceInFarmPassNumbers,,,FALSE
FasterBoatBoosterFix,,,TRUE
ShopMenuButtonDuplicationFix,,,FALSE
DerbyBuyExtraTaskOutOfSyncFix,,,TRUE
DerbySpeedUpTaskOutOfSyncFix,,,TRUE
BoostersFromGiftsSkipPendingSlots,,,TRUE
BoostersFromGiftsUseStorageSpace,,,FALSE
AttributionMessageATTCheck,,,TRUE
CleanupLogicPendingPurchasesOlderThanSeconds,300,,
ProcessingBuildingsBoosterTimerFix,,,TRUE
BoatCrateRewardsAnimationFix,,,TRUE
DataGainedBoostTextOnlyWhenXP,,,TRUE
CatalogueSpeedUpDiamondSpendOverUI,,,TRUE
ShowCollectedProcessingBuildingGoodsBoosted,,,TRUE
MaxTooltipTextFieldHeightTablet,600,,
MaxTooltipTextFieldHeightMobile,200,,
InstantSeasonalCatalogueGiftDelivery,,,TRUE
ShowCountyFairInValley,,,FALSE
CountyFairStreakAnimationDelayMS,125,,
CountyFairStreakScrollDurationMS,300,,
CountyFairStreakInitialScrollWaitDurationMS,1000,,
CountyFairStreakInitialScrollDurationMS,1000,,
CountyFairDailyStreakAchievedNotification,,,TRUE
CountyFairEventStreakAchievedNotification,,,TRUE
CountyFairEventEndedNotification,,,TRUE
CountyFairBasketTrashConfirmationEnabled,,,FALSE
YarnTrackPointsPerSegment,25,,
BlockEmojisNeighborhoodName,,,FALSE
BlockEmojisNeighborhoodDescription,,,FALSE
BlockEmojisNeighborhoodExtraInfo,,,FALSE
BlockEmojisNeighborhoodSearch,,,FALSE
BlockEmojisPlayerName,,,FALSE
BlockEmojisPetName,,,FALSE
BlockEmojisEditModeLayoutName,,,FALSE
FieldHudTestVersion,,,TRUE
FieldHudMaxPageIndicators,4,,
DailyTasksPatchDiamondPrice,6,,
DailyTasksStreakEnabled,,,FALSE
DailyTasksCloseByModalTap,,,FALSE
DailyTasksBetaVisible,,,TRUE
DailyTasksSinglePatchDiamondPrice,4,,
DailyTasksMaxPatchCount,15,,
DailyTasksMaxMissDays,15,,
DailyTasksBoxGivePatchesIfUnder,2,,
DailyTasksMinStreakFixDays,0,,
DailyTasksPatchesAtStart,2,,
EventLeaderboardClientSideScoreFix,,,TRUE
IgnoreEventLeaderboardListMessageIfScoreHasChanged,,,TRUE
GiftConfirmationDoubleTapDiamondConfirmation,,,TRUE
SavePetsToAvatarData,,,TRUE
SaveProcessingBuildingsToAvatarData,,,TRUE
SaveAnimalsToAvatarData,,,TRUE
AddResourcesVisuallyDiamondAddedCommand,,,TRUE
AddResourcesVisuallyDeliverGoodsCommand,,,TRUE
AddResourcesVisuallyBuyGoodsWithDiamondsCommand,,,TRUE
AddResourcesVisuallySpinWheel,,,TRUE
RequestRecommendedNeighborhoodsWithEmptyInputInSearchGUI,,,TRUE
UseUsercentrics,,,TRUE
UsercentricsIOSKey,,Jah5xrYlpLDtJo,
UsercentricsAndroidKey,,dc3QBDq1t3Dtdk,
VoucherUIAnalyticsEvent,,,TRUE
ConsentPopupAnalyticsEvent,,,TRUE
UseAppsflyerAttribution,,,TRUE
AppsflyerAttributionIOSKey,,506627515,
ConsentKeysForAds,,9dchbL797,
,,hpb62D82I,
ConsentKeyForFirebase,,42vRvlulK96R-F,
AllowAppsflyerAttributionForYoungPlayers,,,FALSE
AllowFirebaseForYoungPlayers,,,FALSE
ConsentKeyForAppsflyer,,Gx9iMF__f,
UseCurrencyForShopOfferDiscountCalculation,,,TRUE
AppsflyerAttributionAndroidKey,,com.supercell.hayday,
LoadGameObjectAvatarDataOutsideOfHome,,,TRUE
DecoStickerBookBetaVisible,,,TRUE
TextureStreamingEnabled,,,TRUE
TextureStreamingInflightLoadCount,3,,
TextureStreamingUnloadThreshold,580,,
ShowGooglePlayPopup,,,FALSE
ShopBadgesInLogic,,,TRUE
MaxShopBadgeCount,999,,
ShopScrollToTopWhenChangingCategory,,,FALSE
ShopSaveLastScrollPositionForSeconds,10,,
DecoShopFilterDropdown,,,FALSE
EnableDecoShopInFishing,,,FALSE
NewDecoShopCategoryAllFilters,,All;FencePath;Nature;Modular;Sanctuary;Coin;Diamond,
NewDecoShopCategoryStorageFilters,,All;FencePath;Nature;Modular;Sanctuary;Valley;Special,
NewDecoShopSkipFiltersIfEmpty,,Valley;Sanctuary,
NewDecoShopSkipFiltersIfEmptyInDecoEvent,,Valley;Sanctuary;Modular,
NewDecoShopSkipAllEmptyFiltersInStorageCategory,,,TRUE
NewDecoShopCategorySeasonalFilters,,All;FencePath;Nature;Special,
NewDecoShopSorting,,,TRUE
ActiveSeasonalDecosOnTop,,,TRUE
NewestDecosOnTop,,,TRUE
SeasonalDecoShopBadges,,,TRUE
AlwaysLoadCountyFairUI,,,FALSE
AlwaysLoadTaskEventUI,,,FALSE
IgnoreTagsWhenReceivingNewDecos,,1,
RoadsideShopAllowSellingLockedItems,,,TRUE
FarmPassOfferCheckIfAlreadyOwned,,,TRUE
RecreateShopAfterLastStoredItemPlaced,,,FALSE
DecoStickerBookViewSSE,,,TRUE
DecoStickerBookConvertExpiredSeasonalCurrencyRewards,,,TRUE
ShowFarmNameInRoadsideShop,,,TRUE
UseFarmNameEverywhere,,,TRUE
RoundShopCoinsToSignificantDigits,,,TRUE
SeasonalGiftCatalogueInfoEnabled,,,TRUE
ClientLoadingFunnelMessageEnabled,,,TRUE
ClientLoadingFunnelMessageAfterEachStep,,,TRUE
CountyFairStreakButtonPulsing,,,TRUE
TextFieldUseDesignBaseline,,,TRUE
FastLoadingForNonASTCDevices,,,TRUE
ShowLockedResourcesInSilo,,,TRUE
BuyingFromEditModeEnabled,,,TRUE
BuyObjectCommandSelectOnlyBuildings,,,FALSE
EditModeShopScaleMobile,85,,
EditModeShopScaleTablet,85,,
EditModeScaleMobile,70,,
EditModeScaleTablet,100,,
EditModeKeepShopOpenWhenPlacing,,,TRUE
EditModeEraseBySwipe,,,TRUE
EditModeFastLayoutValidation,,,TRUE
ShowModularDecoStorageCountAlways,,,TRUE
RoadSideShopDailyCollectionToolLimitLevels,80,1,
,80,20,
,80,40,
EventLeaderboardScrollPositionsBeforePlayer,10,,
AllowPlacingPetsOverHabitats,,,TRUE
MoveIsoObjectFloaterTextsToHUDLayer,,,TRUE
CollectProductsFromLinks,,,FALSE
BoostersFromSpinTheWheelIgnoreCapacity,,,TRUE
EvergreenOfferSyle,0,,
EditModeOpenedClosedSSE,,,TRUE
EditModeCopyLayoutSSE,,,TRUE
EditModeEditLayoutSSE,,,TRUE
EditModeActiveLayoutSetSSE,,,TRUE
EditModeCheckInfoSSE,,,TRUE
EditModeDiscardChangesSSE,,,TRUE
EditModeRecoverChangesSSE,,,TRUE
SoilUiUsedAnalyticsMessage,,,TRUE
SoilOfferImpressionAnalyticsMessage,,,TRUE
SoilInfoClosedAnalyticsMessage,,,TRUE
EditModeStartEditSSE,,,TRUE
LayoutStoreObjectCommandVisualFeedback,,,TRUE
DecoEventFeaturingRefreshSeconds,120,,
DecoEventDesignsPerCategory,10,,
DecoEventReportingSendsImage,,,TRUE
DecoEventReportingImageWidth,864,,
DecoEventReportingImageHeight,488,,
DecoEventReportingImageJpegQuality,50,,
NewspaperRefreshDiamondPrice,2,,
NewspaperRefreshDiamondEnabled,,,FALSE
MaxDebugEndClientTurnMessageSizeKb,128,,
PruneMaxedOutPuzzlePieces,,,TRUE
EditModeValidateInventoryObjects,,,TRUE
EditModeModularDecoFix,,,FALSE
EditModeSmallerMoveArea,,,TRUE
StartOfferPurchaseCommandBillingPackageFixSummer2024,,,TRUE
ShopDailyGiftUsesBigIcons,,,TRUE
EditModeEraserUndo,,,TRUE
EditModeEraserUndoStaysInMemory,,,TRUE
FrozenHUDResourceCountFix,,,TRUE
PruneMaxedOutPuzzlePiecesForBoats,,,FALSE
DerbyThresholdRewardsFix,,,TRUE
IsoObjectAlwaysVisibleGlobalIDs,,301415;5600000;5600001;5800000;10700000;10700001;13700000;15400000;15400001;17800000,
GameobjectCullingEnable,,,TRUE
GameobjectCullingPaddingLeft,300,,
GameobjectCullingPaddingTop,300,,
GameobjectCullingPaddingRight,300,,
GameobjectCullingPaddingBottom,300,,
GameobjectCullingFishingEnable,,,TRUE
GameobjectCullingFishingPaddingLeft,1000,,
GameobjectCullingFishingPaddingTop,600,,
GameobjectCullingFishingPaddingRight,600,,
GameobjectCullingFishingPaddingBottom,600,,
GameobjectCullingTownEnable,,,TRUE
GameobjectCullingTownPaddingLeft,300,,
GameobjectCullingTownPaddingTop,300,,
GameobjectCullingTownPaddingRight,300,,
GameobjectCullingTownPaddingBottom,300,,
GameobjectCullingDecoCanvasEnable,,,TRUE
GameobjectCullingDecoCanvasPaddingLeft,300,,
GameobjectCullingDecoCanvasPaddingTop,300,,
GameobjectCullingDecoCanvasPaddingRight,300,,
GameobjectCullingDecoCanvasPaddingBottom,300,,
UpdateDecoFencesEveryFrame,,,FALSE
PhotoModeSSE,,,TRUE
ManageObjectSSE,,,TRUE
CancelledTouchCancelsMove,,,TRUE
StartFarmPassAutomatically,,,TRUE
ModularDecoIconFix2024,,,TRUE
EventDownloadQueueAlwaysClearUnusedFilesOnlyOnce,,,TRUE
FarmPassEarlyBirdOfferInShopOfferList,,,FALSE
ShopOpenCategoryWithBadges,,,TRUE
ShopOpenCategoryWithBadgesAlways,,,TRUE
ChronosDownloadFailedNativeDialog,,,TRUE
TempShopObjectDisabledClickedFunction,,,TRUE
TempShopObjectKeepSelectionWhenClicked,,,TRUE
AddFarmPassToInventoryInDiamondsAddedCommand,,,TRUE
AllowPhotoModeInAllStates,,,TRUE
DisableScrollAreaInCloudState,,,FALSE
DecoEventBannerNotificationNewLikes,,,TRUE
DecoEventBannerNotificationPhaseChange,,,TRUE
DecoEventBannerNotificationFeatured,,,TRUE
DecoEventBannerNotificationSubmissionDeadline,,,TRUE
DecoEventIntroMobileUIScale,70,,
DecoEventIntroStepsEnabled,,,TRUE
DecoEventIntroArrowOffsetX,0,,
DecoEventIntroArrowOffsetY,-80,,
DecoEventDuplicatesObjects,,,TRUE
DecoEventCanResubmit,,,TRUE
DecoEventCanSubmitDuringVoting,,,TRUE
EventMinimumVisibleEndGapHours,12,,
FarmPassNotificationDeeplinkEnabled,,,FALSE
DerbyNotificationDeeplinkEnabled,,,FALSE
AchievementsNotificationDeeplinkEnabled,,,FALSE
BirthdayTaskNotificationDeeplinkEnabled,,,FALSE
NeighborhoodNotificationDeeplinkEnabled,,,FALSE
CountyFairNotificationDeeplinkEnabled,,,FALSE
TaskEventNotificationDeeplinkEnabled,,,FALSE
ValleyNotificationDeeplinkEnabled,,,FALSE
ExpLevelThresholdNotificationDeeplinkEnabled,,,FALSE
SanctuaryAnimalNotificationDeeplinkEnabled,,,FALSE
EventDownloadQueueRemoveBrokenFiles,,,TRUE
EventDownloadQueueSha1OnExistingFiles,,,TRUE
BuyDiamondOpenedClosedSSE,,,TRUE
TimeCutTooltipOpenedCloseSSE,,,TRUE
SoilAdsInteractionAnalyticsMessage,,,TRUE
MovieTicketOpenedClosedSSE,,,TRUE
EditModeModularDecoCountFromInventory,,,TRUE
ShopModularDecoCountFromInventory,,,TRUE
BuyObjectCommandModularDecoFix,,,TRUE
RenderToTextureSpriteForcedRenderCount,1,,
RenderToTextureSpriteForcedRenderCount_ANDROID,1,,
AutoLeavingTownPassengers,,,TRUE
AutoLeavingPassengersThreshold,50,,
MaxUpdateSecondsAfterHibernate,120,,
EditModeBringBackShopAfterBrush,,,FALSE
MovieTicketManagerRemoveSeasonalGoods,,,TRUE
ReconnectIfEndClientTurnSendingFails,,,TRUE
DecoEventCanvasBackgroundAsset,,sc/deco_event_background.sc,
ShowActiveCalendarGiftEventsInGregFriendItem,,,TRUE
ShowAvailableCalendarGiftPipInGregFriendItem,,,TRUE
ShowAvailableCalendarGiftPipInFriendsButton,,,TRUE
NewsPopupCheckedOnlyOnce,,,TRUE
UpdateGregNameInClient,,,TRUE
LogicCollectHelperAreaCommandCheckDataUnlocked,,,FALSE
IsoFloaterTextImprovedBoundsChecks,,,TRUE
BalancesVisibleWhenDraggingShopObject,,,TRUE
CheckMaxValleyFuelCountInHUDResourceCount,,,TRUE
MysteryBoxEventsUISSE,,,TRUE
NamePopupSCIDLoginLink,,,TRUE
NamePopupSCIDLoginLinkDisableKeyboardActivation,,,TRUE
NewsPopupCanAppearAfterLevelUp,,,FALSE
CheckItemUnlocksInTLOs,,,TRUE
MaxGachaCurrency,2000,,
GachaHistoryDays,90,,
EnableGachaCurrencyNotifications,,,TRUE
DisconnectAfterAdsVideoHibernateCallbackEnabled,,,FALSE
RewardSetDataAlwaysFallbackReward,,,TRUE
BuyGoodsWithDiamondsCommandCheckPurchaseType,,,TRUE
OpenFriendBarUIEventEnabled,,,TRUE
GregFarmVisitUIEventEnabled,,,TRUE
DecoEventPhotoAlbumOpenedSSE,,,TRUE
DecoEventFeatureOpenedSSE,,,TRUE
DecoEventShopOpenedSSE,,,TRUE
DecoEventInfoOpenedSSE,,,TRUE
DecoEventFeatureImageURL,,http://game-assets.haydaygame.com/static/unlock_images/unlock_deco_event_950x520.png,
DecoEventBannerNotificationGapSeconds,10,,
SpinWheelOpenSSE,,,TRUE
DecoEventNotificationDeeplinkEnabled,,,TRUE
NewsPopupOpenedClosedSSE,,,TRUE
ConfirmationDialogOpenedClosedSSE,,,TRUE
FixBrokenGathererNests,,,TRUE
TermsOfServicePopupEnabled,,,TRUE
TermsOfServiceVersion,2,,
MaxLogicUpdateSeconds,0,,
EventDownloadQueueRemoveUnusedFiles,,,TRUE
DecoEventHideBorderForPreviewAndVoting,,,FALSE
DecoEventPhotoAlbumMaxPinned,2,,
DecoEventPhotoAlbumMaxHidden,4,,
DecoEventCloseupViewRegionScale,130,,
DecoEventCloseupMinZoom,90,,
DecoEventCloseupMaxZoom,150,,
EventBoardUISSE,,,TRUE
GlobalEventUISSE,,,TRUE
PreviousGlobalEventUISSE,,,TRUE
InboxUISSE,,,TRUE
InboxClickNewsUISSE,,,TRUE
BarnOrSiloFullUISSE,,,TRUE
HudUseUISSE,,,TRUE
JapanNoticeText,,資金決済に基づく表示,
JapanNoticeURL,,https://supercell.com/en/japan-notice/,
ResetRoadSideShopCountersFix,,,TRUE
LumberjackOfferInCooldownBlocksTLO,,,FALSE
CatalogueGiftUIFallbackRewardFix,,,TRUE
SeasonalCatalogueGiftsCanBeRefreshed,,,TRUE
EarlyRSSServerValidation,,,TRUE
LoadEditModeDataAfterLoadingHome,,,FALSE
LoadEditModeDataOpeningSettings,,,TRUE
LoadEditModeDataOpeningEditMode,,,FALSE
MaxGregCalendarGiftBoxNotifications,5,,
ResetSeasonalCatalogueUINotificationWhenNewGiftsAreAdded,,,TRUE
NewEventBoardOngoingEventTimerIconVisibleWhenMinutesLeft,60,,
NewEventBoardEventLiking,,,TRUE
NewEventBoardEventNotifications,,,TRUE
NewEventBoardEventSeenCashReward,10,,
NewEventBoardTooltipWithRewards,,,TRUE
TruckOrderBetterBalance,,,FALSE
ShopItemOrderDailyPackages,50,,
ShopItemOrderFarmPassPackages,20,,
ShopItemOrderChronosPackages,40,,
PulsingSeasonalCatalogueButton,,,TRUE
NotificationSettingAnalytics,,,TRUE
OptimizeSanctuaryManagerJson,,,TRUE
DeleteSeenShopIdAfterEventExpired,,,TRUE
SoilIntroTutorialAnalyticsMessage,,,TRUE
ShowInboxNewsToYoungPlayers,,,TRUE
ShowCommunityTabToYoungPlayers,,,FALSE
ShowVideosTabToYoungPlayers,,,FALSE
EventBoardDisableRewardScalingForEventTypes,,23;29;34;36;42;46,
EventBoardDefaultShownRewardCount,3,,
EventBoardDefaultCallToActionEnabled,,,TRUE
EventBoardDefaultNotifyEnabled,,,TRUE
EventBoardDisableEventEndingGenericNotificationForEventTypes,,,
EventBoardEventClaimRewardsButtonForEventTypes,,17;36;23;34,
GlobalEventParticipationFix,,,TRUE
GlobalEventThresholdRewardsServerFix,,,FALSE
RemoveTreeNextToEventBoard,,,TRUE
TutorialScrollingRandomTileOffset,,,FALSE
EventEndingNotificationDefaultMinutesBeforeEnd,60,,
HideNHRequestButtonWhenNothingToRequest,,,FALSE
FenceIconPreviewTwoPartsOnly,,,FALSE
IgnoreUnparentedShopItems,,,TRUE
ShowSkipIntroButton,,,TRUE
NeighborhoodRecommendationVersion,2,,
GlobalEventButtonInTopHudRight,,,TRUE
NewEventBoardEventPostersTappable,,,FALSE
EventBoardPosterIconsTappable,,,TRUE
FloatingHeadDefaultAspectRatio,1340,,
NewEventBoardShowTooltipByTapping,,,FALSE
NewEventBoardTooltipVerticalPos,75,,
NewEventBoardEventDescriptionScrollable,,,TRUE
NewEventBoardEventDescriptionScrollDurationMS,2500,,
NewEventBoardEventFloaterTextsFromGoButton,,,TRUE
NewEventBoardBigCollectRewardsButton,,,TRUE
NewEventBoardTownVisitorsShowGoButtonInTown,,,FALSE
HUDFloaterTextCheckNotchBounds,,,TRUE
SkipIntroButtonSSE,,,TRUE
ShowGlobalEventTaskButtonAlways,,,TRUE
ShowGlobalEventTaskButtonIdleNotice,,,TRUE
DisableEventStartAndEndNotificationsIfReminderButtonNotShown,,,TRUE
SeasonalCurrencyVisibilityFix,,,TRUE
ShowLinksInRandomProbabilityItems,,,FALSE
ShowDerbyTaskInValley,,,FALSE
DailyResetUTCHour,8,,
EnableFarmVisitorRequestDisallowList,,,FALSE
EnableFarmVisitorRequestOwnedProductionBuildingOnly,,,FALSE
EnableFarmVisitorRequestNewRewardSystem,,,FALSE
EditModeShopPriceFix,,,TRUE
GameInputMarch2025Fixes,,,TRUE
BillingMissingEventIdFix,,,TRUE
AddMissingModularDecosToModularDecoManager,,,TRUE
UseNewFarmVisitorUI,,,TRUE
UseNewFarmVisitorPeople,,,FALSE
IgnoreOnResizeIfWatchingAd,,,FALSE
FloatingHeadMaxWidthPercentage,950,,
NewMineInteraction,,,TRUE
DragRequestReviveHelp,,,TRUE
FloatingHeadMaxHeightPercentage,950,,
HayDayWrappedBannerMobileScale,70,,
UseFakeAvatarToShowEventRewardsPreview,,,TRUE
ApplyBoatCrateExpMultiplierOnNonXp,,,FALSE
CancelRssSellEnable,,,TRUE
CancelRssSellDiamondsLevel1,2,,
CancelRssSellDiamondsLevel2,10,,
CancelRssSellDiamondsLevel3,20,,
CancelRssSellThresholdLevel2,5,,
CancelRssSellThresholdLevel3,10,,
CancelRssSellCooldownDays,14,,
InitializeEventBoardEventWhenVisible,,,FALSE
FarmPassShopItemRotating,,,TRUE
ScaleSingleWordWithAutoAdjust,,,TRUE
TaskEventShowRedPipWhenTasksRefresh,,,TRUE
DecoTooltipMaxDecoScale,175,,
MaskedIconBoundsFix,,,TRUE
BirthdayTasksShowMaxCount,,,TRUE
NewEventBoardScrollAreaOnTop,,,TRUE
NewEventBoardShowPuzzleBoatRewardsUI,,,TRUE
FloatingHeadArrowXOffset,12000,,
FloatingHeadArrowYOffset,10000,,
FloatingHeadExtraSmallCharacterLimit,40,,
FloatingHeadSmallCharacterLimit,70,,
FloatingHeadMediumCharacterLimit,100,,
FloatingHeadLargeCharacterLimit,150,,
FloatingHeadExtraSmallBubbleWidth,236000,,
FloatingHeadSmallBubbleWidth,324000,,
FloatingHeadMediumBubbleWidth,349000,,
FloatingHeadLargeBubbleWidth,560000,,
FloatingHeadExtraLargeBubbleWidth,838000,,
FloatingHeadExtraSmallBubbleHeight,101000,,
FloatingHeadSmallBubbleHeight,132000,,
FloatingHeadMediumBubbleHeight,153000,,
FloatingHeadLargeBubbleHeight,153000,,
FloatingHeadExtraLargeBubbleHeight,153000,,
GameInputSelectBrokenBuildings,,,TRUE
MarkSurveySeenOnOpen,,,FALSE
MarkSurveySeenOnClose,,,TRUE
FetchSurveyMinimumIntervalSeconds,300,,
ShopEvergreensShowTitles,,,FALSE
HammermillHUDJumpFix,,,TRUE
HUDFarmPassSpecialOfferSpeechBubble,,,FALSE
PricingManagerUseLoginCountryIfEmpty,,,TRUE
ShowHighlightForQuarantinedScid,,,TRUE
BarnSiloCostScaling,,,FALSE
ShowSupercellStoreLinkInDiamondShop,,,FALSE
SupercellStoreLink,,https://store.supercell.com/hayday?utm_source=hd&utm_medium=app&utm_campaign=generic&utm_content=shop_card&sso_client_id=27AB9BD1-2E0B-4E92-B5D9-7C2E0A68D0DA,
AlternativeShopBadgeFields,,,FALSE
AlternativeShopBadgeAnimals,,,FALSE
AlternativeShopBadgeAnimalHabitats,,,FALSE
AlternativeShopBadgeProcessingBuildings,,,FALSE
ProcessingBuildingShopBadgeException,,Smelter,
ShopBadgeProcessingBuildingExceptionMaxQty,1,,
GlobalEventShowFishWeightInProgress,,,TRUE
AllowDerbySaveDataRefreshSecondsBeforeEnd,0,,
AllowDerbyCheckMissingPickedTasks,,,FALSE
SafeMarginForBottomHUDButtonsPercentage,50,,
SafeMarginForBottomHUDButtonsPercentage_ANDROID,100,,
BarnSiloUpgradeVisualisation,,,TRUE
BarnSiloUpgradeVisualisationThreshold,32,,
BarnSiloUpgradeVisualisationMinLevel,7,,
TimeUtilShortTimer,,,TRUE
HideDecoEventButtonAfterClaiming,,,FALSE
HideCountyFairButtonAfterClaiming,,,FALSE
HideTaskEvenButtonAfterClaiming,,,FALSE
QueryDerbyTasksWhenDerbyStarts,,,TRUE
BottomHUDNhObjectPriority,1,,
BottomHUDDecoEventPriority,2,,
BottomHUDDerbyPriority,3,,
BottomHUDCountyFairPriority,4,,
BottomHUDGlobalEventPriority,5,,
BottomHUDFreeNatureClearingPriority,6,,
BottomHUDMiniPassPriority,7,,
BottomHUDTaskEventPriority,8,,
BottomHUDChainEventPriority,9,,
MaxCreaturesPerGameMode,100,,
CreatureTargetSpawnRadius,2,,
MaxCreaturePathLength,100,,
DailyCreatureSpawnMinX,2,,
DailyCreatureSpawnMinY,2,,
DailyCreatureSpawnMaxX,30,,
DailyCreatureSpawnMaxY,30,,
ShowDerbyButtonWithoutTask,,,TRUE
CloseTooltipAfterTappingLink,,,TRUE
DecoEventButtonHideTimerInRewardsPhase,,,TRUE
RunLogicEventManagerTickOnlyOncePerSecond,,,TRUE
UpdateDerbyThemeUIWhenChronosEventChanges,,,TRUE
BottomHUDRightPatchSupport,,,TRUE
OutOfResourcesCommandConfusionFix,,,TRUE
ShowRSSPurchaseOverRSSBuilding,,,TRUE
FreshBeatRepeatWindow,300,,
FreshBeatVFXEnabled,,,TRUE
MinFreshBeatCropVFXIdleInterval,30,,
MaxFreshBeatCropVFXIdleInterval,90,,
MinFreshBeatCropVFXActiveInterval,60,,
MaxFreshBeatCropVFXActiveInterval,120,,
MinFreshBeatAnimalVFXIdleInterval,30,,
MaxFreshBeatAnimalVFXIdleInterval,60,,
MinFreshBeatAnimalVFXActiveInterval,60,,
MaxFreshBeatAnimalVFXActiveInterval,90,,
MinFreshBeatProductionVFXIdleInterval,15,,
MaxFreshBeatProductionVFXIdleInterval,30,,
MinFreshBeatProductionVFXActiveInterval,30,,
MaxFreshBeatProductionVFXActiveInterval,60,,
FreshBeatMusicStartupDelay,1550,,
MiniPassEnabled,,,TRUE
MiniPassBetaVisible,,,FALSE
MiniPassPersonalCelebrationDurationSeconds,300,,
MiniPassPersonalEndScreenDurationSeconds,86400,,
OnRailTutorialMaxLevel,5,,
SeasonalCurrencyEventMinimumVisibleStartGapHours,12,,
FreshBeatMoveReplayableBeatToTop,,,FALSE
FreshBeatsFirstTimeActivationSpeedUp,3000,,
FreshBeatsTutorialTimerDiamondTextBox,1800,,
FreshBeatsTutorialTimerSpinWheelTextBox,1500,,
FreshBeatsTutorialTimerLevelUpTextBox,2500,,
FreshBeatsTutorialTimerDefault,2000,,
FreshBeatsTutorialButtonTimer,800,,
ShowSafetyWarningMessageInChat,,,FALSE
AllowMiniPassFreeTrackGachaOverflow,,,FALSE
ChatScaleMobile,70,,
ChatScaleTablet,100,,
ChatOpenButtonScaleMobile,100,,
ChatOpenButtonScaleTablet,100,,
MarkOwnStreamEntriesNotNew,,,TRUE
NeighborhoodOnlineMembersTooltipScrollDurationMS,2500,,
NeighborhoodOnlineMembersTooltipMaxVisibleItemCount,10,,
ChatReactionsTooltipScrollDurationMS,2500,,
ChatReactionsTooltipMaxVisibleItemCount,10,,
ReverseAgeGateNumbers,,,FALSE
AllowInvalidRotation,,,TRUE
ClearHudForObjectEdit,,,FALSE
ClearHudThresholdMillis,1500,,
ClearHudFadeRateTenths,100,,
ChatAlignOwnItemsToTheRight,,,TRUE
ChatShowShortTimeStamp,,,TRUE
RequestCollectButtonPulsing,,,TRUE
ChatRequestCollectButtonPulsing,,,TRUE
ChatDonationNotification,,,TRUE
AllowProductionQueueCancel,,,TRUE
ProductionQueueCancelDiamondPrice1,2,,
ProductionQueueCancelThreshold2,5,,
ProductionQueueCancelDiamondPrice2,10,,
ProductionQueueCancelThreshold3,10,,
ProductionQueueCancelDiamondPrice3,20,,
ProductionQueueCancelCooldownDays,14,,
ReopenChatAfterClosingRequestsHUD,,,TRUE
ChatClientFilterFulfilledRequests,,,FALSE
ChatScrollToBottomWhenReopened,,,TRUE
ChatScrollToBottomOnlyIfExitedAtBottom,,,TRUE
ChatInboxScrollToBottomWhenReopened,,,TRUE
SelectedObjectZoomTablet,-1,,
SelectedObjectZoomMobile,-1,,
CenterCameraOnHUDOverlap,,,FALSE
AdjustHUDPositionOnOverlap,,,TRUE
DelayLevelUpRewards,,,FALSE
ChatDefaultReactions,,👍;👎;❤️;🤣;😭,
FallbackSCIDFarmPassPackageParsing,,,FALSE
FallbackSCIDFarmPassPackageColumnCheck,,,FALSE
AutomatedTaskLevelUnlockOffset,1,,
ChatReactionMenuEmotesPerRow,5,,
ChatSendEmoteMenuEmotesPerRow,4,,
NewTruckScreen,,,TRUE
ChatReactionsEnabled,,,TRUE
ChatEmotesEnabled,,,TRUE
ChatEmotesTabEnabled,,,TRUE
ChatMaxReactionsVisible,5,,
ChatContextMenuAppearDurationMS,300,,
ChatClientFilterFulfilledHelpRequests,,,FALSE
ChatClientFilterPendingReleaseEmotes,,,TRUE
ChatHideReactionsFromNonMembers,,,FALSE
ChatMaxEmotePageIndicatorCount,15,,
EmoteLoopAfterMS,1000,,
ChatEmotePlaybackDelayMSAfterFadeIn,1,,
MilestoneStreamEntryLevelUpLevels,,10;25;50;75;100,
MilestoneStreamEntryAchievementsEnabled,,,TRUE
MilestoneStreamEntryFeatureUnlocksEnabled,,,TRUE
MilestoneStreamEntryDecoStickerBookCollectionsEnabled,,,TRUE
RewardReceivedEventForDataTableTypes,,323,
RewardReceivedEventEnabledForTags,,7;8;10;11;12;13;14;16;17;18;20;24;26;27;30;138;145;149;156;167;174;178;179;180;188;193;194;198;200;201;208;210;216;221;223;226;227;228;237;238;242;244;245;255,
RewardReceivedEventDisabledForTags,,,
RewardReceivedPremiumRewardTags,,228;245,
NeighborhoodObjectLeaderboardCacheDurationSeconds,20,,
NeighborhoodObjectLeaderboardMinTabSwitchWaitThingyDurationMS,200,,
ChatInactiveNeighborhoodNoticeEnabled,,,TRUE
ChatInactiveNeighborhoodNoticeCooldownDays,30,,
ChatInactiveNeighborhoodIfMessageDaysOld,14,,
ChatInactiveNeighborhoodIfMembersLastSeenDaysOld,14,,
ChatInactiveNeighborhoodNoticeAlwaysIfPlayerOnlyMember,,,TRUE
ChatInactiveNeighborhoodNoticeIgnoreOwnMessages,,,FALSE
ChatScrollDownWidgetEnabled,,,TRUE
ChatScrollToNewDonationDurationMS,1000,,
ChatScrollToItemDurationMS,1000,,
ChatScrollToNewItemDurationMS,1000,,
ChatScrollToTopDurationMS,1000,,
ChatScrollToBottomDurationMS,1000,,
ChatIsScrolledToBottomThreshold,50,,
ChatStreamItemFadeDurationMS,300,,
ChatEmoteStreamItemFadeDurationMS,300,,
ChatRequestDonationButtonEnabled,,,TRUE
ChatDonateButtonEnabled,,,TRUE
ChatCollectDonationButtonEnabled,,,TRUE
NeighborhoodObjectCameraZoom1000Tablet,950,,
NeighborhoodObjectCameraZoom1000Mobile,650,,
DecoStickerBookCollectionSourceSearchCache,,,TRUE
BirthdayTasksShowRemainingTasksInBottomHUD,,,TRUE
FarmPassSpecialDiscountTextColor,,FFF9E40D,
NewLevelUpScreen,,,FALSE
LevelUpScreenHeaderDelay,0,,
LevelUpHorizontalItemSpacing,10000,,
LevelUpVerticalItemSpacing,6000,,
LevelUpFirstItemVerticalSpacing,12000,,
LevelUpItemShowDelay,150,,
LevelUpHeaderVerticalSpacing,3000,,
DiamondDecoPurchaseConfirmationPriceRequirement,10,,
LevelUpScreenTopMargin,20000,,
LevelUpScreenImageScrollDuration,1000,,
LevelUpScreenDelayBetweenLines,1000,,
LevelUpScreenDelayAfterLastItem,1200,,
LevelUpScreenScrollToNextLineDuration,100,,
LevelUpScreenImageMarginDivisor,30000,,
ReopenShopAfterPassingTempShopObjectToGameInput,,,TRUE
TownRequestBoardInTown,,,TRUE
DecisionBoxTeaseSoundOffsetMS,150,,
ProbabilitiesHUDShowCurrencyAmounts,,,TRUE
NeighborhoodObjectTaskTooltipDelayMS,150,,
CenterGameObjectWhenScrollingFromTextBoxes,,,TRUE
CenterGameObjectWhenScrollingFromNeighborhoodObjectUI,,,TRUE
CenterGameObjectFromLinkAlways,,,FALSE
AllowSCIDAutoClaimFarmPass,,,TRUE
AllowSCIDAutoClaimFarmPassIfContainsAlsoOtherItems,,,TRUE
ScidRewardDecoName,,SC ID statue,
ScidRewardDecoAmount,1,,
ScidRewardExtraName,,Diamonds,
ScidRewardExtraAmount,10,,
MovieTicketForcedRewardFix,,,TRUE
EventBoardEventTooltipUseHighestRewardAmount,,,TRUE
UseCashPricesForCrops,,,TRUE
UseCashPricesForTools,,,TRUE
LastCropsLeftUIUsedAnalytics,,,TRUE
NotEnoughResourcesCropsUIUsedAnalytics,,,TRUE
DecoStickerBookCollectionSaveFix,,,TRUE
IsoEngineSortingV2InGameModes,,1;2;3;6;7;8;9,
FarmThumbnailIsoEngineSortingV2,,,TRUE
IsoEngineSortingV2DepthOffsetConversionFactorXY,,0.001;0.001,
ArrivingBoatExtraRewardGrayscale,,,FALSE
DisableRenderingDuringVideoAd,,,FALSE
DisableSoundsDuringVideoAd,,,TRUE
CustomizeHelperApplyTintToOnlyNewPart,,,TRUE
TruckAlgorithmV2,,,FALSE
BoySearchHUDTopHUDRightForcedUnderModal,,,TRUE
BoyBuyerHUDTopHUDRightForcedUnderModal,,,TRUE
ClearSurveyStateIfImpressionIdChanges,,,TRUE
DailyBoatScaling,,,TRUE
AdConfigCycleChangeFix,,,TRUE
ForceDailyAdsReset,,,TRUE
DailyAdsResetUTCHour,8,,
UseAdsForcedRewardsAsFirstReward,,,TRUE
UsePersonalTrainTimerFix,,,TRUE
DebugAddSeconds,0,,
DecoStickerBookTaskEventSourceVisibleStateFix,,,TRUE
DefaultLinkColor,,FFF9E40D,
CreditsLinkColor,,FF608FA9,
AllowlistDeeplinkDomain,,supercell.com;hayday.com;supercell.dev,
PeopleEntryRoute,,0.00;34.00,
,,15.21;34.00,
,,16.08;33.00,
,,16.08;20.00,
,,17.20;20.00,
,,,
,,,
PeopleExitRoute,,18.33;20.00,
,,18.33;33.00,
,,19.67;34.00,
,,118.00;34.00,
,,,
,,,
BottomHUDNhObjectButtonEnabled,,,TRUE
NhObjectHUDScrollToClaimableReward,,,TRUE
NhObjectHUDScrollToClaimableRewardDurationMS,1000,,
NhObjectHUDScrollToClaimableTask,,,TRUE
NhObjectHUDScrollToClaimableTaskDurationMS,1000,,
NhObjectHUDButtonHideAfterAllRewardsClaimed,,,FALSE
NhObjectHUDRewardScrollAreaAddHeight,1000,,
AnimalCoordinateSmoothing,,,TRUE
BoatCompleteAllCratesFloaterText,,,TRUE
ExitConfirmationPopupEnabled,,,TRUE
DecoStickerBookDisableDecoIconClipping,,,TRUE
DecoStickerBookDisableDecoTooltipAutoClose,,,TRUE
AnimalFindHabitatWithRoomFix,,,TRUE
ChainOfferFirstTimeScrollDuration,2500,,
ChainOfferFirstTimeScrollDelay,750,,
PaidRandomRewardsEnabled,,,TRUE
SpinWheelBuyWithDiamonds,,,TRUE
MysteryBoxesCanSpawn,,,TRUE
GiftCardsBuyWithDiamondsEnabled,,,TRUE
PeopleQuestDailyQuestTarget,,7.01,
PeopleQuestMaxEffortMultiplier,,2.01,
PeopleQuestTreasuredDailyCap,0,,
SeasonalCreaturesAnimsRestartFix,,,TRUE
BoatDestinationsUIUsedAnalytics,,,TRUE
SendBoatLegacySSE,,,FALSE
SendBoatStateChangedSSE,,,TRUE
BoatDestinationsEnabled,,,FALSE
AllowDiscardingEmptyBoat,,,TRUE
BoatDestinationRerollDiamondCost,1,,
BoatRewardsInGrayscale,,,FALSE
BoatTimeExtensionEnabled,,,FALSE
BoatTimeExtensionMinutes,120,,
BoatTimeExtensionDiamondCostMin,3,,
BoatTimeExtensionDiamondCostMax,3,,
BoatTimeExtensionDisablesTimeBonus,,,TRUE
BoatTrackProgressBarStepDurationMS,3000,,
BoatRewardTooltipCombineBonusAndBoosterValue,,,TRUE
BoatDestinationsResetDoubleTapButtonsAfterMS,5000,,
BoatTrackAutoCloseAfterMS,1000,,
BoatTrackAutoCloseEnabled,,,TRUE
BoatShowBoatScoreInRewards,,,FALSE
BoatTrackPanningDamp,25,,
BoatTrackBetaVisible,,,TRUE
BoatDestinationsBetaVisible,,,TRUE
OverlayStreamsHUDCheckAlsoFromSmallScreen,,,TRUE
VouchersInBoatOrders,,,TRUE
LogicJSONHelperDeliverableError,,,TRUE
OpenBoatDestinationsTutorialPopupOnce,,,TRUE
BoatDestinationWaitPlayerToOpenUI,,,TRUE
BoatDestinationIllustrationToyEnabled,,,FALSE
DecoStickerBookLockedAreasFix,,,TRUE
MiniPassFinishedPanelTruckConfettiAnimationFrame,409,,
MiniPassFinishedCelebrationTimerShouldUsePersonalDuration,,,TRUE
TopHUDRightUnderModalAlways,,,TRUE
LuckyBonusPreShuffleWaitTimeMS,1500,,
LuckyBonusTransitionToCentreTimeMS,250,,
LuckyBonusTransitionToOriginalPositionTimeMS,250,,
BoatReturnedNotification,,,FALSE
SendSCIDPopupUIUsedAnalytics,,,TRUE
SendRoadsideShopUIUsedAnalytics,,,TRUE
SendNewspaperUIUsedAnalytics,,,TRUE
LogicVisitServiceCommandPassengerCheck,,,TRUE
ShowBoatOrderBonusEventInEventBoard,,,TRUE
ShowAlwaysPuzzleBoatsEventInEventBoard,,,TRUE
ConfirmPopupConvertTurkishILetters,,,TRUE
ShopDiamondDecoCategoryCheckCanBeBought,,,FALSE
ShopDiamondDecoCategoryCheckCanBeBoughtNow,,,TRUE
GameMainSetSleepCallSetHibernate,,,FALSE
MiniPassHideLinkButtonOutsideFarmMode,,,FALSE
EventBoardStateResetFinishedAtHomeIfEndTimeInFuture,,,TRUE
EventBoardStateVisibleStartTimeFix,,,TRUE
AchievementTipLinks,,,TRUE
UseScidRewardPopup,,,TRUE
SubscriptionCapacityBonusMin,100,,
SubscriptionCapacityBonusMax,600,,
FarmPassSubscriptionApplyPerksImmediately,,,FALSE
WarningLogForPrematurelyEndingSeasonalCurrencyEvent,,,TRUE
WaterDecoMovementSpeed,15,,
WaterDecoMovementDistance,8,,
WaterDecoMovementX,0,,
WaterDecoMovementY,1,,
WaterDecoMovementWorldspaceOffset,4,,
OfferCapacityBonusMin,50,,
OfferCapacityBonusMax,300,,
IncludeStorageAmountInTooltipBounds,,,TRUE
SendLegacyPremiumPassActivatedEvent,,,TRUE
SendNewPremiumPassActivatedEvent,,,TRUE
SendNotificationTrackingEvents,,,TRUE
PeopleSelectionFix,,,TRUE
DecoAcquiredEventDisabledForTags,,269;270;271,
FarmPassSubscriptionPendingAfterClaim,,,TRUE
